"GEOID","county","time_to_work","hh_income_med","hh_total","hh_low_income","population","old","hh_low_income_prop","old_prop","old_prop_high","income_q"
"01003","Baldwin County, Alabama",96893,69914,98854,5500,246435,53946,0.0556376069759443,0.218905593767119,1,3
"01015","Calhoun County, Alabama",46913,52819,45701,4151,115788,21445,0.0908295223299271,0.185209175389505,1,4
"01043","Cullman County, Alabama",38782,63229,35966,2638,90665,17376,0.0733470499916588,0.191650581812166,1,4
"01049","DeKalb County, Alabama",29232,49663,26459,2523,71998,12763,0.0953550776673344,0.177268813022584,1,4
"01051","Elmore County, Alabama",39106,71651,34061,1568,89563,14594,0.0460350547547048,0.162946752565233,1,2
"01055","Etowah County, Alabama",41658,57098,39956,1968,103088,20370,0.0492541795975573,0.197598168555021,1,2
"01069","Houston County, Alabama",46691,56705,42417,3309,108079,20009,0.0780111747648349,0.185133097086391,1,4
"01073","Jefferson County, Alabama",277043,61968,271877,18609,665409,113686,0.0684463930380282,0.170851310998198,1,4
"01077","Lauderdale County, Alabama",41739,59461,39021,2480,95878,20190,0.0635555213859204,0.210580112225954,1,3
"01081","Lee County, Alabama",77959,58549,71830,7907,180773,24335,0.110079354030349,0.13461634204223,0,4
"01083","Limestone County, Alabama",45841,84220,40036,2225,110900,17837,0.0555749825157358,0.160838593327322,1,3
"01089","Madison County, Alabama",173041,80123,166454,9187,403565,64228,0.0551924255349826,0.159151561706293,1,3
"01095","Marshall County, Alabama",37752,52678,36611,2215,99423,17325,0.060500942339734,0.174255453969403,1,3
"01097","Mobile County, Alabama",162918,54300,162605,13488,411411,71584,0.0829494787983149,0.173996319981721,1,4
"01101","Montgomery County, Alabama",93197,57509,90527,7177,226361,36554,0.079280214742563,0.161485414890374,1,4
"01103","Morgan County, Alabama",50747,62201,49140,2839,124211,22898,0.0577737077737078,0.184347602064229,1,3
"01115","St. Clair County, Alabama",39331,70301,35558,2323,93932,17280,0.0653298835705045,0.183962866754674,1,3
"01117","Shelby County, Alabama",100672,98212,87755,4365,230115,39429,0.0497407555125064,0.171344762401408,1,2
"01121","Talladega County, Alabama",31343,56876,34679,3148,80704,15615,0.0907753972144525,0.193484833465504,1,4
"01125","Tuscaloosa County, Alabama",104165,61097,89075,8174,236780,33505,0.0917653662643839,0.141502660697694,1,4
"02020","Anchorage Municipality, Alaska",132732,100751,109856,4978,287145,36600,0.0453138654238276,0.127461735360184,0,2
"02090","Fairbanks North Star Borough, Alaska",45853,83519,37356,1462,95356,11496,0.0391369525645144,0.120558748269642,0,2
"02170","Matanuska-Susitna Borough, Alaska",43603,84636,39942,1422,113325,15458,0.035601622352411,0.136404147363777,0,1
"04001","Apache County, Arizona",17874,37663,20690,3832,65432,11022,0.185210246495892,0.168449688225944,1,4
"04003","Cochise County, Arizona",39892,55031,49981,3883,125663,30567,0.077689522018367,0.243245824148715,1,4
"04005","Coconino County, Arizona",61585,62622,53988,3806,144060,20538,0.0704971475142624,0.142565597667638,1,4
"04013","Maricopa County, Arizona",1751831,83747,1726554,81541,4551524,737669,0.04722759902094,0.162070770142045,1,2
"04015","Mohave County, Arizona",69437,54786,99512,6056,220816,71095,0.0608569820725139,0.321964893848272,1,3
"04017","Navajo County, Arizona",34833,49487,41415,4843,108650,21389,0.116938307376554,0.196861481822365,1,4
"04019","Pima County, Arizona",403803,64014,436469,27527,1057597,224382,0.0630674801646852,0.212162099552098,1,3
"04021","Pinal County, Arizona",161453,76377,164281,8018,464154,97863,0.0488066179290362,0.210841660311017,1,2
"04025","Yavapai County, Arizona",81299,63936,110928,5369,246191,83951,0.0484007644598298,0.340999467892815,1,2
"04027","Yuma County, Arizona",71942,53994,80857,4044,207842,42802,0.0500142226399693,0.205935277759067,1,3
"05007","Benton County, Arkansas",129633,85917,112045,3431,302863,42406,0.030621625239859,0.140017103442811,1,1
"05031","Craighead County, Arkansas",50982,61871,44528,2130,113017,15645,0.0478350700682717,0.138430501605953,0,2
"05045","Faulkner County, Arkansas",49444,62993,49270,4306,127665,18459,0.0873959813273797,0.144589354952415,1,4
"05051","Garland County, Arkansas",39791,53145,45340,3603,100089,25176,0.0794662549625055,0.251536132841771,1,4
"05069","Jefferson County, Arkansas",22784,44584,24326,2194,64246,12073,0.0901915645811066,0.187918313980637,1,4
"05085","Lonoke County, Arkansas",30424,63766,28268,492,75225,11382,0.0174048393943682,0.151306081754736,1,1
"05119","Pulaski County, Arkansas",162957,56308,174628,14000,399145,67400,0.0801704194058227,0.168860940259805,1,4
"05125","Saline County, Arkansas",53798,67632,50237,2451,127357,23520,0.0487887413659255,0.184677716968836,1,2
"05131","Sebastian County, Arkansas",52215,51491,52078,2785,129059,21403,0.053477476093552,0.165838879892142,1,3
"05143","Washington County, Arkansas",110575,61194,98935,4927,256054,31922,0.0498003739829181,0.124669015129621,0,2
"05145","White County, Arkansas",31166,57015,29805,2424,77755,12827,0.0813286361348767,0.164966883158639,1,4
"06001","Alameda County, California",601657,122159,596614,28636,1628997,255508,0.0479975327431136,0.15684988984019,1,2
"06007","Butte County, California",80272,64426,82494,5025,207303,38470,0.0609135209833442,0.185573773654988,1,3
"06013","Contra Costa County, California",440324,120061,415194,17255,1156966,201136,0.0415588857257089,0.173847805380625,1,2
"06017","El Dorado County, California",67557,105982,74376,2293,192646,45669,0.0308298375820157,0.237061760950137,1,1
"06019","Fresno County, California",387201,69571,326981,22136,1015190,130982,0.0676981231325368,0.12902215348851,0,4
"06023","Humboldt County, California",55497,57883,56785,5323,135010,27129,0.0937395438936339,0.200940671061403,1,4
"06025","Imperial County, California",59644,57310,50877,4944,178713,24673,0.0971755410106728,0.138059346550055,0,4
"06029","Kern County, California",340730,66234,283510,15622,916108,108035,0.055102112800254,0.117928235535548,0,3
"06031","Kings County, California",56463,64368,43646,1890,152981,16076,0.04330293726802,0.105084945189272,0,2
"06033","Lake County, California",19009,51259,27058,2621,68191,17230,0.0968659915736566,0.252672640084469,1,4
"06037","Los Angeles County, California",3951243,82516,3415726,188035,9721138,1479463,0.0550497902934837,0.152190309406162,1,3
"06039","Madera County, California",56094,76920,45539,3160,160256,24011,0.0693910713893586,0.1498290235623,1,4
"06041","Marin County, California",82470,136214,103285,3185,256018,63076,0.0308370044052863,0.246373301877212,1,1
"06045","Mendocino County, California",32901,65520,34998,2278,89783,22070,0.0650894336819247,0.245814909281267,1,3
"06047","Merced County, California",107028,66164,87830,6015,290014,34130,0.0684845724695434,0.117683973877123,0,4
"06053","Monterey County, California",161279,92840,132411,4813,432858,66224,0.036348943818867,0.152992436318608,1,1
"06055","Napa County, California",56012,100318,51025,2039,134300,28962,0.0399608035276825,0.215651526433358,1,2
"06057","Nevada County, California",31330,78401,44000,2509,102293,29997,0.0570227272727273,0.293245872151565,1,3
"06059","Orange County, California",1298934,106209,1085225,46312,3151184,516802,0.0426750213089451,0.164002482876278,1,2
"06061","Placer County, California",153516,105445,160203,4650,417772,86151,0.0290256736765229,0.206215351914441,1,1
"06065","Riverside County, California",989471,86748,769475,33668,2473902,379191,0.0437545079437279,0.15327648387042,1,2
"06067","Sacramento County, California",600092,84211,572744,28154,1584169,243351,0.0491563421004847,0.153614292414509,1,2
"06069","San Benito County, California",28814,111544,20610,321,67579,9154,0.0155749636098981,0.135456280797289,0,1
"06071","San Bernardino County, California",868956,79091,674191,30719,2193656,273836,0.04556423921411,0.124830875944086,0,2
"06073","San Diego County, California",1350683,98928,1172343,50438,3276208,507031,0.043023244903582,0.154761541391755,1,2
"06075","San Francisco County, California",313867,136692,361912,16476,808437,147741,0.0455248789761047,0.182748934054231,1,2
"06077","San Joaquin County, California",308826,86056,241903,11926,793229,106943,0.0493007527810734,0.134819831347568,0,2
"06079","San Luis Obispo County, California",110589,90216,111713,4962,282013,62740,0.044417390992991,0.222472013701496,1,2
"06081","San Mateo County, California",280198,145388,262122,8600,729181,134604,0.0328091499378152,0.184596142795822,1,1
"06083","Santa Barbara County, California",178017,90894,150851,7565,443837,73831,0.0501488223478797,0.16634710490563,1,3
"06085","Santa Clara County, California",727414,150839,656477,22631,1870945,282144,0.0344734088170644,0.150802936483969,1,1
"06087","Santa Cruz County, California",101665,102146,96015,4860,264370,50597,0.0506170910795188,0.191387071150282,1,3
"06089","Shasta County, California",69389,68276,71213,4094,180930,39612,0.0574895033210228,0.218935499917095,1,3
"06095","Solano County, California",175721,92959,159294,8171,448747,79091,0.051295089582784,0.176248532023612,1,3
"06097","Sonoma County, California",205695,96830,194698,7915,482650,106062,0.0406527031607926,0.219749300735523,1,2
"06099","Stanislaus County, California",219599,75886,177101,9588,551275,76252,0.054138598878606,0.138319350596345,0,3
"06101","Sutter County, California",37073,65018,33732,1297,98503,16534,0.0384501363690264,0.167852755753632,1,2
"06103","Tehama County, California",19456,58884,24625,1239,65245,12669,0.0503147208121827,0.194175798911794,1,3
"06107","Tulare County, California",180754,64722,143129,6880,477544,56462,0.0480685255957912,0.118234131305178,0,2
"06111","Ventura County, California",347950,102569,278631,11886,832605,145815,0.0426585699365828,0.175131064550417,1,2
"06113","Yolo County, California",90134,83875,77323,5765,222115,29532,0.0745573762011303,0.132958152308489,0,4
"06115","Yuba County, California",33863,65052,29430,1273,84310,11291,0.0432551817872919,0.133922429130589,0,2
"08001","Adams County, Colorado",237787,91367,190647,7056,527575,59702,0.0370108105556342,0.113163057385206,0,1
"08005","Arapahoe County, Colorado",288495,93784,258450,9510,655808,95926,0.036796285548462,0.146271469698448,1,1
"08013","Boulder County, Colorado",122424,96079,137786,6073,327468,54464,0.0440755954886563,0.166318541048286,1,2
"08014","Broomfield County, Colorado",30334,115833,31244,1447,76121,11959,0.0463128920752785,0.157105135245202,1,2
"08031","Denver County, Colorado",308508,88213,334942,18386,713252,88638,0.0548930859671227,0.124273047955,0,3
"08035","Douglas County, Colorado",143304,140003,140100,2345,375988,52499,0.0167380442541042,0.139629456259242,0,1
"08041","El Paso County, Colorado",319282,82389,293070,12211,740567,103793,0.0416658136281434,0.140153422985361,1,2
"08059","Jefferson County, Colorado",243060,102731,241421,7180,576143,103782,0.0297405776630865,0.180132362972387,1,1
"08069","Larimer County, Colorado",156492,88403,154391,6626,366778,64394,0.0429170094111703,0.175566691568197,1,2
"08077","Mesa County, Colorado",65172,70711,66134,3206,158636,33531,0.0484773338978438,0.211370685090396,1,2
"08101","Pueblo County, Colorado",63788,58723,67840,4485,169544,32695,0.0661114386792453,0.192840796489407,1,3
"08123","Weld County, Colorado",152521,91565,123825,4346,350176,45625,0.0350979204522512,0.130291624782966,0,1
"09110","Capitol Planning Region, Connecticut",415623,84504,392357,21325,981447,175350,0.0543510119610457,0.178664767430131,1,3
"09120","Greater Bridgeport Planning Region, Connecticut",129846,81143,118390,9188,327286,54944,0.0776079060731481,0.167877636073648,1,4
"09130","Lower Connecticut River Valley Planning Region, Connecticut",78786,99438,74514,2192,176622,39136,0.0294172907104705,0.221580550554291,1,1
"09140","Naugatuck Valley Planning Region, Connecticut",196051,81925,180339,8671,454083,84573,0.048081668413377,0.186250090842423,1,2
"09150","Northeastern Connecticut Planning Region, Connecticut",42148,80701,39334,1949,96196,17952,0.0495500076269894,0.186618986236434,1,2
"09160","Northwest Hills Planning Region, Connecticut",51452,86555,47947,1559,113234,24527,0.0325150687217136,0.216604553402688,1,1
"09170","South Central Connecticut Planning Region, Connecticut",245784,85026,229921,13237,573244,105000,0.0575719486258323,0.183168075025644,1,3
"09180","Southeastern Connecticut Planning Region, Connecticut",121312,80113,115607,6347,280403,55989,0.0549015198041641,0.199673327318181,1,3
"09190","Western Connecticut Planning Region, Connecticut",256239,122234,235226,8278,623690,106241,0.0351916879936742,0.170342638169603,1,1
"10001","Kent County, Delaware",81539,72675,73497,2854,186946,34595,0.0388315169326639,0.185053437891156,1,2
"10003","New Castle County, Delaware",243895,86020,223989,10014,575494,98575,0.0447075526030296,0.171287624197646,1,2
"10005","Sussex County, Delaware",92283,81792,104848,3420,255956,79010,0.032618647947505,0.308685867883542,1,1
"11001","District of Columbia, District of Columbia",247684,101027,326970,22335,671803,87354,0.0683090191760712,0.130029190104837,0,4
"12001","Alachua County, Florida",111327,58354,116507,11363,284030,44501,0.0975306204777395,0.156677111572721,1,4
"12005","Bay County, Florida",80744,66245,79044,3596,185134,33729,0.0454936491068266,0.18218695647477,1,2
"12009","Brevard County, Florida",240512,75320,255723,11935,630693,155807,0.046671593873058,0.247040953363998,1,2
"12011","Broward County, Florida",841939,70978,753084,42649,1947026,352806,0.0566324606551195,0.181202510906377,1,3
"12015","Charlotte County, Florida",60156,64860,90457,4034,202661,82079,0.0445957747880208,0.405006389981299,1,2
"12017","Citrus County, Florida",46265,51532,71493,4327,162529,59756,0.0605234078860867,0.367663616954513,1,3
"12019","Clay County, Florida",92150,85594,85253,2979,226589,39080,0.0349430518574126,0.172470861339253,1,1
"12021","Collier County, Florida",139036,80815,166206,8468,397994,133673,0.0509488225455158,0.33586687236491,1,3
"12023","Columbia County, Florida",26758,53985,27963,1629,71908,14734,0.0582555519794014,0.204900706458252,1,3
"12031","Duval County, Florida",420277,70533,416112,22515,1016536,156867,0.0541080286076825,0.154315243139446,1,3
"12033","Escambia County, Florida",130610,61924,133784,7842,324878,59213,0.0586168749626263,0.182262264603944,1,3
"12035","Flagler County, Florida",39292,71211,54364,2065,126705,40155,0.0379846957545434,0.316917248727359,1,2
"12053","Hernando County, Florida",70227,61462,80211,5263,206896,54394,0.0656144419094638,0.262905034413425,1,3
"12055","Highlands County, Florida",34006,52799,47706,3971,105618,37820,0.0832390055758186,0.358082902535553,1,4
"12057","Hillsborough County, Florida",602900,74308,582824,32401,1513301,229170,0.055593112157358,0.151437156256422,1,3
"12061","Indian River County, Florida",56114,67407,72199,3492,167352,59345,0.0483663208631699,0.354611836129834,1,2
"12069","Lake County, Florida",142159,67559,167485,6794,410139,109948,0.0405648267008986,0.268074969705393,1,2
"12071","Lee County, Florida",298597,71072,339269,17398,822453,240924,0.0512808420456924,0.292933456379878,1,3
"12073","Leon County, Florida",136757,61297,120220,10335,297369,43829,0.0859673931126269,0.147389270569562,1,4
"12081","Manatee County, Florida",158020,72108,176772,9364,429125,123869,0.0529721901658634,0.288654820856394,1,3
"12083","Marion County, Florida",134606,54190,163513,11115,396415,115197,0.0679762465369726,0.29059697539195,1,4
"12085","Martin County, Florida",59258,80024,66871,2810,162006,52766,0.0420212050066546,0.325703986272113,1,2
"12086","Miami-Dade County, Florida",1135808,67263,983509,64084,2673837,459541,0.0651585293067984,0.171865749482859,1,3
"12087","Monroe County, Florida",36742,79420,34320,1381,81708,20473,0.0402389277389277,0.250562980369119,1,2
"12089","Nassau County, Florida",40450,90883,41347,1480,97899,23660,0.0357946162962246,0.24167764737127,1,1
"12091","Okaloosa County, Florida",99408,77830,86848,1506,216482,35662,0.0173406411201179,0.164734250422668,1,1
"12095","Orange County, Florida",609447,72324,545757,31517,1452726,191792,0.057749144765894,0.132022143198373,0,3
"12097","Osceola County, Florida",173808,63271,151618,7224,422545,56530,0.0476460578559274,0.13378456732419,0,2
"12099","Palm Beach County, Florida",600577,76592,607453,32846,1518477,382654,0.0540716730347862,0.251998548545681,1,3
"12101","Pasco County, Florida",210762,65999,240785,11114,608794,134356,0.0461573603006832,0.22069205675483,1,2
"12103","Pinellas County, Florida",357890,66472,425255,28604,961739,255971,0.0672631715088594,0.266154330852757,1,3
"12105","Polk County, Florida",303913,62051,291994,19163,787404,154485,0.0656280608505654,0.196195345718335,1,3
"12107","Putnam County, Florida",23174,46161,31087,2542,74731,18248,0.0817705150062727,0.244182467784454,1,4
"12109","St. Johns County, Florida",105546,103017,119515,3111,306841,65105,0.0260302054135464,0.212178294295743,1,1
"12111","St. Lucie County, Florida",129343,62705,134215,9344,358704,88455,0.0696196401296427,0.24659607921852,1,4
"12113","Santa Rosa County, Florida",83374,83672,73545,2544,198268,32269,0.0345910666938609,0.162754453567898,1,1
"12115","Sarasota County, Florida",153329,78341,215125,8926,462286,174328,0.0414921557234166,0.377099890543949,1,2
"12117","Seminole County, Florida",194163,80550,189482,10281,478772,79871,0.0542584519901627,0.166824709882783,1,3
"12119","Sumter County, Florida",29221,73391,71378,3320,144970,83852,0.0465129311552579,0.578409326067462,1,2
"12127","Volusia County, Florida",215225,64857,241871,11460,579192,147314,0.047380628516854,0.254343982651694,1,2
"12131","Walton County, Florida",31596,74629,36771,1464,83304,16788,0.0398139838459656,0.201526937481994,1,2
"13013","Barrow County, Georgia",40590,78216,30950,1462,89299,11728,0.0472374798061389,0.131334057492245,0,2
"13015","Bartow County, Georgia",51786,84590,40620,1664,112816,15946,0.0409650418513048,0.141345199262516,1,2
"13021","Bibb County, Georgia",56355,47625,62061,5362,156197,26649,0.0863988656322006,0.170611471411103,1,4
"13031","Bulloch County, Georgia",34423,47297,31804,3573,83059,10106,0.112344359200101,0.121672546021503,0,4
"13045","Carroll County, Georgia",52364,72595,44841,982,124592,17912,0.0218996008117571,0.143765249775266,1,1
"13047","Catoosa County, Georgia",29375,67081,27083,1623,68826,13140,0.0599268914078942,0.190916223520181,1,3
"13051","Chatham County, Georgia",126063,64157,121527,6831,301107,50794,0.0562097311708509,0.168690864045007,1,3
"13057","Cherokee County, Georgia",116556,99234,103550,3060,281278,46300,0.0295509415741188,0.164605834796891,1,1
"13059","Clarke County, Georgia",56153,47171,53504,5142,129875,15821,0.0961049641148325,0.121817131857555,0,4
"13063","Clayton County, Georgia",131473,58325,108274,6991,296564,32460,0.0645676709089902,0.109453608664572,0,3
"13067","Cobb County, Georgia",316873,97084,298239,9106,771952,107073,0.030532559457348,0.1387042199515,0,1
"13073","Columbia County, Georgia",67434,93307,55346,2783,162419,24720,0.0502836700032523,0.152198942241979,1,3
"13077","Coweta County, Georgia",63242,84747,56409,2019,152882,23265,0.0357921608254002,0.152176188171269,1,1
"13089","DeKalb County, Georgia",288932,77169,279861,15940,762820,106953,0.05695684643448,0.140207388374715,1,3
"13095","Dougherty County, Georgia",30250,41425,34210,3230,82966,14145,0.0944168371821105,0.170491526649471,1,4
"13097","Douglas County, Georgia",63229,80933,52654,2724,147316,18083,0.0517339613324724,0.122749735262972,0,3
"13103","Effingham County, Georgia",31458,89885,23911,524,69041,8423,0.0219145999749069,0.121999971031706,0,1
"13113","Fayette County, Georgia",45374,108643,44353,928,122030,24275,0.0209230491736748,0.198926493485209,1,1
"13115","Floyd County, Georgia",40160,56420,38087,2500,99443,17552,0.0656391944758054,0.176503122391722,1,3
"13117","Forsyth County, Georgia",90199,129410,88874,1673,267237,35520,0.0188244030875172,0.13291572648997,0,1
"13121","Fulton County, Georgia",398993,90346,464061,27812,1074634,137676,0.0599317762104551,0.128114316129957,0,3
"13127","Glynn County, Georgia",33476,63228,36147,2796,85079,20042,0.0773508174952278,0.23556929442048,1,4
"13135","Gwinnett County, Georgia",407119,83901,327019,12173,975353,111634,0.0372241368238543,0.114454971687174,0,1
"13139","Hall County, Georgia",87725,76888,74331,3914,212692,34066,0.0526563614104479,0.160165873657683,1,3
"13151","Henry County, Georgia",102934,81988,86344,2318,248364,30954,0.0268461039562679,0.124631589119196,0,1
"13153","Houston County, Georgia",70509,71068,62653,3123,169631,23966,0.049845977048186,0.141283138105653,1,2
"13157","Jackson County, Georgia",34650,83843,28145,706,83936,11959,0.0250843844377332,0.142477601982463,1,1
"13179","Liberty County, Georgia",30181,61546,24023,1729,68030,7111,0.0719726928360321,0.104527414376011,0,4
"13185","Lowndes County, Georgia",52619,52307,46126,4245,119739,15675,0.092030525083467,0.130909728659835,0,4
"13215","Muscogee County, Georgia",79411,53750,80694,7263,202616,29867,0.0900066919473567,0.147406917518853,1,4
"13217","Newton County, Georgia",48127,73579,41348,2500,117621,15677,0.0604624165618651,0.133284022410964,0,3
"13223","Paulding County, Georgia",73092,86847,60903,2369,178421,20764,0.0388979196427105,0.116376435509273,0,2
"13245","Richmond County, Georgia",84346,49915,75848,7128,206640,31676,0.0939774285412931,0.153290747193186,1,4
"13247","Rockdale County, Georgia",35783,73998,33522,1024,94984,15165,0.0305471033947855,0.159658468794744,1,1
"13255","Spalding County, Georgia",24544,54803,27205,2701,68919,13041,0.0992832199963242,0.189222130326905,1,4
"13285","Troup County, Georgia",27712,57988,27213,2381,70191,11244,0.0874949472678499,0.160191477539856,1,4
"13295","Walker County, Georgia",27318,52957,27195,1391,68915,13417,0.0511491082919654,0.194689109772909,1,3
"13297","Walton County, Georgia",41209,86240,36248,1178,103065,16995,0.0324983447362613,0.164895939455683,1,1
"13313","Whitfield County, Georgia",44446,61037,36757,865,103132,15597,0.0235329325026526,0.151233370825738,1,1
"15001","Hawaii County, Hawaii",77703,72568,74764,6197,206315,48076,0.0828874859558076,0.23302232023847,1,4
"15003","Honolulu County, Hawaii",451471,96580,338438,17316,995638,195314,0.0511644673470473,0.196169692197365,1,3
"15007","Kauai County, Hawaii",30760,87730,24237,673,73810,16668,0.0277674629698395,0.22582305920607,1,1
"15009","Maui County, Hawaii",72510,94760,57355,1812,164365,34590,0.0315927120564903,0.210446262890518,1,1
"16001","Ada County, Idaho",213840,87774,201322,5582,518907,84587,0.0277267263388999,0.163009942051273,1,1
"16005","Bannock County, Idaho",36922,61452,34410,1747,89517,13778,0.0507701249636733,0.153914898846029,1,3
"16019","Bonneville County, Idaho",50695,74154,43345,1346,129496,17441,0.031053177990541,0.134683696793723,0,1
"16027","Canyon County, Idaho",103977,70818,86271,3746,251065,36632,0.0434213119124619,0.145906438571685,1,2
"16055","Kootenai County, Idaho",70215,75328,71309,3428,183578,37344,0.0480724733203382,0.203423068123631,1,2
"16083","Twin Falls County, Idaho",40340,63560,35150,444,93696,15310,0.0126315789473684,0.163400785519126,1,1
"17019","Champaign County, Illinois",82436,60168,84713,9848,206542,29608,0.116251342769115,0.143350989145065,1,4
"17031","Cook County, Illinois",2067647,76632,2110498,142939,5109292,826128,0.0677276168942117,0.161691287168555,1,4
"17037","DeKalb County, Illinois",46363,68590,39136,3864,100232,15404,0.0987326246933769,0.153683454385825,1,4
"17043","DuPage County, Illinois",380962,102152,351021,13753,920901,162142,0.0391799920802459,0.176068871681104,1,2
"17089","Kane County, Illinois",229690,93343,184247,5942,514182,80405,0.0322501858917649,0.156374591098094,1,1
"17091","Kankakee County, Illinois",45210,71416,40585,3064,106074,18662,0.0754958728594308,0.175933782076663,1,4
"17093","Kendall County, Illinois",59645,101447,45163,1318,137254,16124,0.0291831809224365,0.117475629125563,0,1
"17097","Lake County, Illinois",299375,101442,260861,8506,709150,114065,0.0326074039430961,0.160847493478108,1,1
"17099","LaSalle County, Illinois",46929,63626,45208,2454,108078,21702,0.0542824278888692,0.200799422639205,1,3
"17111","McHenry County, Illinois",137640,98907,118287,2952,311747,51962,0.0249562504755383,0.166680032205603,1,1
"17113","McLean County, Illinois",69391,70674,68879,3595,171141,24872,0.052192976088503,0.145330458510819,1,3
"17115","Macon County, Illinois",39946,60332,43718,3951,101483,21394,0.0903746740473032,0.210813633810589,1,4
"17119","Madison County, Illinois",109685,66996,110080,5978,263864,49268,0.0543059593023256,0.186717399872662,1,3
"17143","Peoria County, Illinois",71930,65301,78636,5779,178383,33120,0.0734905132509283,0.185667916785792,1,4
"17161","Rock Island County, Illinois",61269,62086,62373,4407,141527,29308,0.070655572122553,0.207084160619528,1,4
"17163","St. Clair County, Illinois",98400,67395,101870,6339,252671,44573,0.0622263669382546,0.176407264783058,1,3
"17167","Sangamon County, Illinois",77825,73784,82193,4607,194534,38130,0.0560510019101383,0.196006867694079,1,3
"17179","Tazewell County, Illinois",54636,72930,54400,2121,129911,26143,0.0389889705882353,0.201237770473632,1,2
"17183","Vermilion County, Illinois",27739,51515,30967,1999,72337,14701,0.0645525882390932,0.203229329388833,1,3
"17197","Will County, Illinois",301149,96668,244188,7787,696757,102202,0.0318893639327076,0.146682415820724,1,1
"17199","Williamson County, Illinois",28509,67631,29168,1296,66695,13486,0.0444322545255074,0.202204063273109,1,2
"17201","Winnebago County, Illinois",112192,62011,115061,6713,282188,53255,0.0583429659050417,0.188721703261655,1,3
"18003","Allen County, Indiana",173694,65732,155681,7401,391449,61588,0.0475395199157251,0.157333394644002,1,2
"18005","Bartholomew County, Indiana",34570,65739,34436,3468,83540,14264,0.100708560808456,0.170744553507302,1,4
"18011","Boone County, Indiana",31327,102005,28756,652,74164,11775,0.0226735290026429,0.158769753519228,1,1
"18019","Clark County, Indiana",56319,68350,51663,1558,124237,20989,0.0301569788823723,0.168943229472701,1,1
"18035","Delaware County, Indiana",48896,54087,47478,3774,112031,19751,0.0794894477442184,0.176299417125617,1,4
"18039","Elkhart County, Indiana",91427,61922,74362,5438,206890,33197,0.0731287485543692,0.160457247812847,1,4
"18043","Floyd County, Indiana",33816,73899,33343,1131,80714,14012,0.0339201631526857,0.17360061451545,1,1
"18053","Grant County, Indiana",25643,50366,26560,1212,66022,12652,0.0456325301204819,0.191633091999636,1,2
"18057","Hamilton County, Indiana",157226,114807,135783,3008,364921,50524,0.0221529941156109,0.138451884106423,0,1
"18059","Hancock County, Indiana",36394,86504,32810,953,83070,14706,0.0290460225540994,0.17703141928494,1,1
"18063","Hendricks County, Indiana",78110,93193,66564,2059,182534,27269,0.0309326362598402,0.149391346269736,1,1
"18067","Howard County, Indiana",32827,55297,35752,2943,83574,17414,0.0823170731707317,0.208366238303779,1,4
"18081","Johnson County, Indiana",72447,81670,63117,1484,165782,26742,0.0235118906158404,0.161308224053275,1,1
"18085","Kosciusko County, Indiana",35963,68778,31651,935,80826,14863,0.0295409307762788,0.183888847648034,1,1
"18089","Lake County, Indiana",205246,66085,194191,13809,499689,89188,0.0711104016149049,0.178487018925772,1,4
"18091","LaPorte County, Indiana",45346,66659,43213,1993,111675,21632,0.046120380441071,0.193704947391986,1,2
"18095","Madison County, Indiana",52833,58937,53332,2747,131744,25107,0.0515075376884422,0.190574143794025,1,3
"18097","Marion County, Indiana",422394,62565,404259,29878,969466,130933,0.0739080638897341,0.135056825097528,0,4
"18105","Monroe County, Indiana",62666,65043,60117,6867,139745,20384,0.114227256849144,0.145865683924291,1,4
"18109","Morgan County, Indiana",30726,75344,28534,1273,72236,13285,0.0446134436111306,0.183911069272939,1,2
"18127","Porter County, Indiana",76110,83395,70116,2962,174791,31627,0.0422442809059273,0.180941810505118,1,2
"18141","St. Joseph County, Indiana",118129,60627,105616,5194,272234,46173,0.0491781548250265,0.16960776390899,1,2
"18157","Tippecanoe County, Indiana",78857,54168,76043,7538,188717,23693,0.0991281248767145,0.125547777889644,0,4
"18163","Vanderburgh County, Indiana",83031,57028,77854,5054,179744,33376,0.0649163819456932,0.185686309417839,1,3
"18167","Vigo County, Indiana",42715,51125,42883,4232,106006,18474,0.0986871254343213,0.174273154349754,1,4
"18173","Warrick County, Indiana",29457,79901,24881,616,65185,12509,0.0247578473534022,0.191899976988571,1,1
"18177","Wayne County, Indiana",25742,49024,27536,2004,66273,12845,0.0727774549680418,0.193819504172136,1,4
"19013","Black Hawk County, Iowa",60026,60529,54689,2563,130274,23467,0.0468650002742782,0.180135713956737,1,2
"19049","Dallas County, Iowa",47573,105132,42260,1310,108016,13589,0.0309985802177,0.125805436231669,0,1
"19061","Dubuque County, Iowa",44181,73671,40644,1413,98677,19247,0.0347652790079717,0.195050518357875,1,1
"19103","Johnson County, Iowa",72995,74140,63337,3907,156420,21100,0.0616859023951245,0.134893236159059,0,3
"19113","Linn County, Iowa",101540,72527,94976,3637,229033,40313,0.0382938847708895,0.176013936856261,1,2
"19153","Polk County, Iowa",225663,77038,207290,7562,501089,71264,0.0364802933088909,0.142218248654431,1,1
"19155","Pottawattamie County, Iowa",42086,68681,38132,1182,93173,17827,0.0309975873282283,0.191332252905885,1,1
"19163","Scott County, Iowa",77149,66832,73525,4810,173924,30109,0.0654199251955117,0.173115843701847,1,3
"19169","Story County, Iowa",50395,66033,39531,2216,99673,13072,0.0560572715084364,0.13114885676161,0,3
"19193","Woodbury County, Iowa",48261,67817,41191,2311,105671,17704,0.0561044888446505,0.167538870645683,1,3
"20015","Butler County, Kansas",30407,80853,25201,500,68240,11378,0.0198404825205349,0.166735052754982,1,1
"20045","Douglas County, Kansas",58134,65774,50248,3941,119964,17073,0.0784309823276548,0.142317695308593,1,4
"20091","Johnson County, Kansas",257215,98523,248469,6488,619195,100501,0.0261119093327538,0.162309127173185,1,1
"20103","Leavenworth County, Kansas",33465,77925,30271,1802,82892,13932,0.0595289220706287,0.168074120542393,1,3
"20161","Riley County, Kansas",34437,53043,27884,2173,71108,7655,0.0779299956964568,0.107653147325195,0,4
"20173","Sedgwick County, Kansas",233444,64286,204815,12077,525525,84066,0.0589654078070454,0.159965748537177,1,3
"20177","Shawnee County, Kansas",68677,60544,75895,6996,177480,34585,0.0921799855062916,0.194867027270678,1,4
"20209","Wyandotte County, Kansas",71538,59362,62255,4099,165746,22934,0.0658421010360614,0.138368346747433,0,3
"21015","Boone County, Kentucky",62261,89931,52041,1490,139093,20968,0.0286312714974731,0.150748060650069,1,1
"21029","Bullitt County, Kentucky",36321,76810,32308,1485,83836,14789,0.0459638479633527,0.176403931485281,1,2
"21037","Campbell County, Kentucky",38481,72967,39836,1901,93300,16179,0.0477206546842052,0.173408360128617,1,2
"21047","Christian County, Kentucky",31201,60767,25454,1586,73037,9733,0.0623084780388151,0.133261223763298,0,3
"21059","Daviess County, Kentucky",43795,66837,41111,2919,103222,18586,0.0710028946024178,0.180058514657728,1,4
"21067","Fayette County, Kentucky",146348,62908,140837,9159,320347,48782,0.065032626369491,0.152278622868327,1,3
"21093","Hardin County, Kentucky",48419,60878,44414,1876,111862,17337,0.0422389336695637,0.154985607266096,1,2
"21111","Jefferson County, Kentucky",331745,64619,336916,22732,773399,136205,0.0674708235880754,0.176112200817431,1,4
"21117","Kenton County, Kentucky",75105,77099,66791,3116,170313,27456,0.0466529921696037,0.161209068010076,1,2
"21145","McCracken County, Kentucky",28250,60935,26995,1353,67490,14212,0.0501203926653084,0.210579345088161,1,3
"21151","Madison County, Kentucky",43669,60685,37118,1616,95187,13668,0.0435368284929145,0.143591036591131,1,2
"21185","Oldham County, Kentucky",29345,115187,22519,468,69431,10514,0.0207824503752387,0.151430917025536,1,1
"21199","Pulaski County, Kentucky",24169,44649,27552,1978,65795,12697,0.0717915214866434,0.192978189832054,1,4
"21227","Warren County, Kentucky",59854,59784,55234,5424,139843,18854,0.0982003838215592,0.134822622512389,0,4
"22005","Ascension Parish, Louisiana",59499,79515,48462,1015,130458,17520,0.0209442449754447,0.134296095295037,0,1
"22015","Bossier Parish, Louisiana",55733,62421,51316,2750,129276,20258,0.0535895237352872,0.156703487112844,1,3
"22017","Caddo Parish, Louisiana",90974,46967,95772,9835,229025,43377,0.102691809714739,0.18939853727759,1,4
"22019","Calcasieu Parish, Louisiana",81335,62197,78144,4222,202418,33214,0.0540284602784603,0.164086197867779,1,3
"22033","East Baton Rouge Parish, Louisiana",199995,61387,180749,16365,450544,70305,0.0905399199995574,0.156044692638233,1,4
"22045","Iberia Parish, Louisiana",26699,43513,28039,2864,68327,11260,0.10214344306145,0.164795761558388,1,4
"22051","Jefferson Parish, Louisiana",181518,61397,176925,12669,425884,81052,0.0716066129715981,0.190314733589428,1,4
"22055","Lafayette Parish, Louisiana",105924,56496,103581,7720,247866,36953,0.0745310433380639,0.149084586026321,1,4
"22057","Lafourche Parish, Louisiana",40883,58593,38523,2369,95870,16086,0.0614957298237417,0.167789715239387,1,3
"22063","Livingston Parish, Louisiana",62879,73126,54424,2860,148425,20563,0.0525503454358371,0.138541350850598,0,3
"22071","Orleans Parish, Louisiana",145271,52322,150880,14602,369749,64058,0.0967788971367975,0.17324725692294,1,4
"22073","Ouachita Parish, Louisiana",63430,45840,63192,7028,157702,25590,0.11121660969743,0.162268075230498,1,4
"22079","Rapides Parish, Louisiana",52831,58161,47887,3256,127189,21692,0.0679934011318312,0.170549339958644,1,4
"22097","St. Landry Parish, Louisiana",26861,41976,32021,3507,81773,13982,0.109521876268699,0.17098553312218,1,4
"22103","St. Tammany Parish, Louisiana",109392,76269,106109,4430,273263,51276,0.0417495217182331,0.187643405803201,1,2
"22105","Tangipahoa Parish, Louisiana",56863,55391,51689,4222,137048,21214,0.0816808218383022,0.154792481466348,1,4
"22109","Terrebonne Parish, Louisiana",41242,57299,40011,2789,104786,17596,0.0697058308965035,0.167923195846773,1,4
"23001","Androscoggin County, Maine",50673,63438,46233,1087,113023,21402,0.0235113447104882,0.189359687851145,1,1
"23003","Aroostook County, Maine",26036,51395,31319,2243,67255,17793,0.0716178677480124,0.264560255743067,1,4
"23005","Cumberland County, Maine",128848,89345,133103,5302,307451,63504,0.0398338129118051,0.206549986827169,1,2
"23011","Kennebec County, Maine",48672,62943,54613,2414,125540,26908,0.0442019299434201,0.214338059582603,1,2
"23019","Penobscot County, Maine",67597,61134,65940,3865,153704,31031,0.0586138914164392,0.201888044553167,1,3
"23031","York County, Maine",93763,81928,92767,4115,216732,48505,0.0443584464303039,0.223801745935072,1,2
"24001","Allegany County, Maryland",22757,46913,26246,2312,67267,14194,0.0880896136554142,0.211009856244518,1,4
"24003","Anne Arundel County, Maryland",253134,113125,226285,7291,593286,95842,0.032220429988731,0.16154434791989,1,1
"24005","Baltimore County, Maryland",358554,86526,337529,17973,846161,156152,0.0532487578845077,0.184541712510976,1,3
"24009","Calvert County, Maryland",39363,120097,33577,322,94573,16099,0.00958989784674033,0.170228289258033,1,1
"24013","Carroll County, Maryland",75119,104942,64437,2406,175305,32142,0.0373387960333349,0.183349020278942,1,1
"24015","Cecil County, Maryland",43913,86292,40707,1606,104942,17833,0.0394526739872749,0.169931962417335,1,2
"24017","Charles County, Maryland",77664,115880,62712,2954,170102,23358,0.0471042224773568,0.137317609434339,0,2
"24021","Frederick County, Maryland",120358,119122,104912,2390,287079,44376,0.0227809974073509,0.154577659807927,1,1
"24025","Harford County, Maryland",115766,100915,101437,3749,263867,46309,0.036958900598401,0.175501294212615,1,1
"24027","Howard County, Maryland",136612,133438,121423,2720,335411,51749,0.0224010278118643,0.154285339479027,1,1
"24031","Montgomery County, Maryland",396050,118323,391297,12928,1052521,181334,0.0330388426182669,0.172285398581121,1,1
"24033","Prince George's County, Maryland",399306,94441,347207,15994,946971,144701,0.0460647394781787,0.152804045741633,1,2
"24037","St. Mary's County, Maryland",50229,113717,44392,2611,114877,15398,0.0588169039466571,0.134039015642818,0,3
"24043","Washington County, Maryland",61610,69244,59530,3165,155590,28714,0.0531664706870486,0.184549135548557,1,3
"24045","Wicomico County, Maryland",49447,72198,40611,1776,104664,17469,0.0437319937947847,0.166905526255446,1,2
"24510","Baltimore city, Maryland",223686,55198,254707,27773,569931,89326,0.109039013454675,0.156731253432433,1,4
"25001","Barnstable County, Massachusetts",95979,91438,107187,4301,232457,78236,0.0401261346991706,0.33656117045303,1,2
"25003","Berkshire County, Massachusetts",54904,74176,58370,2407,127859,31990,0.0412369367825938,0.250197483165049,1,2
"25005","Bristol County, Massachusetts",263149,81551,233194,13603,580068,103568,0.0583334048045833,0.178544584428033,1,3
"25009","Essex County, Massachusetts",350840,92413,314003,14672,806765,149588,0.0467256682260997,0.185417066927792,1,2
"25011","Franklin County, Massachusetts",30105,70306,32142,1486,70894,17827,0.0462323439736171,0.251459926086834,1,2
"25013","Hampden County, Massachusetts",187287,63866,183441,14012,461041,84207,0.0763842325325309,0.182645361258543,1,4
"25015","Hampshire County, Massachusetts",66914,82078,62178,4344,162588,31562,0.0698639390137991,0.194122567471154,1,4
"25017","Middlesex County, Massachusetts",665247,118800,638217,28551,1617105,267797,0.0447355679964652,0.165602728332421,1,2
"25021","Norfolk County, Massachusetts",302151,115969,281839,10023,725531,130192,0.0355628568083196,0.17944374533962,1,1
"25023","Plymouth County, Massachusetts",223859,103173,205217,8263,533069,105883,0.0402646954199701,0.198629070533083,1,2
"25025","Suffolk County, Massachusetts",342856,85358,330101,27716,766381,103334,0.0839621812717926,0.134833718476841,0,4
"25027","Worcester County, Massachusetts",366466,86258,338087,16593,862927,148205,0.0490790831945623,0.171746856918372,1,2
"26005","Allegan County, Michigan",53671,75901,45890,1374,121210,22628,0.0299411636522118,0.186684266974672,1,1
"26017","Bay County, Michigan",40655,55134,44664,3391,102821,22099,0.0759224431309332,0.214926911817625,1,4
"26021","Berrien County, Michigan",61428,61333,63311,3722,152900,32933,0.0587891519641137,0.21538914323087,1,3
"26025","Calhoun County, Michigan",56579,59522,53388,2623,133289,24721,0.0491308908368922,0.185469168498526,1,2
"26037","Clinton County, Michigan",33479,78702,31010,1322,79748,15279,0.0426314092228313,0.191591011686813,1,2
"26045","Eaton County, Michigan",43903,71013,44942,1755,108992,21634,0.0390503315384273,0.198491632413388,1,2
"26049","Genesee County, Michigan",157326,57003,167950,11811,401983,75909,0.0703245013396844,0.188836343825485,1,4
"26055","Grand Traverse County, Michigan",40069,74344,39581,2553,96464,21049,0.0645006442485031,0.218205755515011,1,3
"26065","Ingham County, Michigan",122071,59823,118485,7446,284108,42215,0.0628433978984682,0.148587860954285,1,3
"26067","Ionia County, Michigan",26047,75865,22878,1343,66809,10846,0.0587026838010316,0.16234339684773,1,3
"26075","Jackson County, Michigan",61985,59059,63368,3023,160066,30901,0.0477054664815049,0.193051616208314,1,2
"26077","Kalamazoo County, Michigan",118480,69584,108397,6728,261173,42908,0.0620681384171149,0.164289570514563,1,3
"26081","Kent County, Michigan",294921,77028,256173,9612,659083,99167,0.0375215186612172,0.150462081407046,1,1
"26087","Lapeer County, Michigan",36201,71551,35259,1739,88780,17685,0.0493207408037664,0.199200270331156,1,2
"26091","Lenawee County, Michigan",40207,67267,38264,2043,98567,19685,0.0533922224545264,0.19971187111305,1,3
"26093","Livingston County, Michigan",82869,100139,76620,1452,196161,38837,0.0189506656225529,0.19798532837822,1,1
"26099","Macomb County, Michigan",368038,73830,359089,16181,874195,160508,0.0450612522243789,0.183606632387511,1,2
"26103","Marquette County, Michigan",28855,61474,28633,1607,66661,13652,0.0561240526665037,0.204797407779661,1,3
"26111","Midland County, Michigan",34184,78487,35325,1448,83674,17185,0.0409907997169144,0.205380404904749,1,2
"26115","Monroe County, Michigan",64843,69563,62946,2114,155609,30732,0.033584342134528,0.197495003502368,1,1
"26117","Montcalm County, Michigan",26006,61967,25218,903,67433,13008,0.0358077563645015,0.192902584787864,1,1
"26121","Muskegon County, Michigan",70168,58074,67255,4398,176565,32084,0.0653929075905137,0.181712117350551,1,3
"26125","Oakland County, Michigan",519499,90594,530638,24088,1269431,234768,0.045394412009694,0.184939551657396,1,2
"26139","Ottawa County, Michigan",143399,85652,111425,3372,300873,49556,0.0302625084137312,0.164707368225132,1,1
"26145","Saginaw County, Michigan",74937,53646,79275,6108,188330,38452,0.0770482497634816,0.204173525195136,1,4
"26147","St. Clair County, Michigan",69793,63510,69109,3260,160151,32455,0.0471718589474598,0.202652496706234,1,2
"26155","Shiawassee County, Michigan",29379,61564,28629,1044,68022,13698,0.036466519962276,0.201376025403546,1,1
"26159","Van Buren County, Michigan",30753,60182,31239,1993,75692,15022,0.063798457056884,0.198462188870686,1,3
"26161","Washtenaw County, Michigan",141074,79665,150945,9624,366376,58011,0.0637583225678227,0.158337336506758,1,3
"26163","Wayne County, Michigan",636701,55867,691389,61530,1757043,292355,0.0889947627167919,0.166390350150793,1,4
"27003","Anoka County, Minnesota",157283,92133,138032,3973,368864,56931,0.028783180711719,0.154341437494578,1,1
"27013","Blue Earth County, Minnesota",34015,68104,28182,2507,69631,10729,0.0889574905968349,0.154083669629906,1,4
"27019","Carver County, Minnesota",49207,116158,41063,1350,110034,16123,0.0328763120083774,0.146527436974026,1,1
"27027","Clay County, Minnesota",32227,81386,27301,2055,65929,9609,0.075271968059778,0.145747698281485,1,4
"27035","Crow Wing County, Minnesota",26938,66568,28475,1446,67948,16744,0.0507813871817384,0.246423735797963,1,3
"27037","Dakota County, Minnesota",186438,97501,175139,5308,443341,70634,0.030307355871622,0.159322056836611,1,1
"27053","Hennepin County, Minnesota",518845,89399,542072,26871,1260121,199148,0.0495709057099426,0.158038791512879,1,2
"27109","Olmsted County, Minnesota",71720,86976,68745,2571,164020,27681,0.0373990835697142,0.168766004145836,1,1
"27123","Ramsey County, Minnesota",223234,75113,221871,9898,536413,86047,0.0446115084891671,0.160411846841892,1,2
"27131","Rice County, Minnesota",29308,76319,23616,1704,67693,11388,0.0721544715447155,0.168230097646729,1,4
"27137","St. Louis County, Minnesota",85650,62704,87295,6505,199532,42724,0.0745174408614468,0.214121043241184,1,4
"27139","Scott County, Minnesota",63546,113311,54671,1385,154520,19801,0.025333357721644,0.128145223919234,0,1
"27141","Sherburne County, Minnesota",46831,96889,35577,1176,100824,12314,0.0330550636647272,0.122133618979608,0,1
"27145","Stearns County, Minnesota",73776,71880,62331,2224,160405,26086,0.0356804800179686,0.162625853308812,1,1
"27163","Washington County, Minnesota",112234,106509,106606,2851,275912,45081,0.0267433352719359,0.163389051581664,1,1
"27171","Wright County, Minnesota",67746,93602,54884,2146,148003,20398,0.0391006486407696,0.137821530644649,0,2
"28033","DeSoto County, Mississippi",85257,79747,69746,3266,191723,26678,0.0468270581825481,0.139148667608998,0,2
"28035","Forrest County, Mississippi",31694,53464,30635,2552,78110,11597,0.0833034111310592,0.148470106260402,1,4
"28047","Harrison County, Mississippi",85333,56041,83711,6658,211044,35964,0.0795355449104658,0.170409961903679,1,4
"28049","Hinds County, Mississippi",86463,46672,88435,8879,217730,36162,0.100401424775259,0.166086437330639,1,4
"28059","Jackson County, Mississippi",61543,60966,58331,5038,144975,25183,0.0863691690524764,0.173705811346784,1,4
"28067","Jones County, Mississippi",28295,59815,25249,1674,66569,12136,0.0662996554318983,0.182307079872013,1,3
"28073","Lamar County, Mississippi",29444,59560,24075,1525,65783,10264,0.063343717549325,0.156028153170272,1,3
"28075","Lauderdale County, Mississippi",29405,49904,29478,3120,70904,13206,0.105841644616324,0.186251833464967,1,4
"28081","Lee County, Mississippi",35552,57229,31064,1837,82959,12940,0.0591359773371105,0.155980665147844,1,3
"28089","Madison County, Mississippi",49778,76446,43293,1316,111113,17228,0.0303975238491211,0.155049364160809,1,1
"28121","Rankin County, Mississippi",71938,72034,58602,1854,158979,26738,0.031637145489915,0.168185735222891,1,1
"29019","Boone County, Missouri",84896,62561,77339,6000,187690,25564,0.0775805221169139,0.136203313975172,0,4
"29021","Buchanan County, Missouri",34735,56386,34353,2170,82911,14799,0.0631677000553081,0.178492600499331,1,3
"29031","Cape Girardeau County, Missouri",37739,64679,33005,2592,82899,14500,0.0785335555218906,0.174911639464891,1,4
"29037","Cass County, Missouri",46950,76601,43143,1519,110394,19764,0.0352084926871103,0.179031469101582,1,1
"29043","Christian County, Missouri",38219,73047,35652,881,93114,15981,0.0247110961516885,0.171628326567433,1,1
"29047","Clay County, Missouri",110817,77612,102352,5080,257033,39709,0.0496326403001407,0.154489890403178,1,2
"29051","Cole County, Missouri",34798,70669,30702,1141,76969,14253,0.0371637026903785,0.185178448466266,1,1
"29071","Franklin County, Missouri",44526,62694,43809,1631,105879,20746,0.0372297929649159,0.19594064923167,1,1
"29077","Greene County, Missouri",128887,55098,130986,6657,303293,52915,0.0508222252759837,0.174468253471066,1,3
"29095","Jackson County, Missouri",296060,62422,309195,22546,716531,115606,0.0729183848380472,0.161341239946353,1,4
"29097","Jasper County, Missouri",55368,53486,48405,2697,124075,19905,0.05571738456771,0.160427160991336,1,3
"29099","Jefferson County, Missouri",100642,78568,88478,3848,229336,38041,0.0434910373200118,0.165874524714829,1,2
"29165","Platte County, Missouri",49365,92386,43009,2287,110534,17410,0.0531749168778628,0.157508097056109,1,3
"29183","St. Charles County, Missouri",181776,98831,163195,4438,413803,70518,0.0271944606146022,0.17041442425502,1,1
"29187","St. Francois County, Missouri",22786,46775,24466,1696,66969,11628,0.0693206899370555,0.173632576266631,1,4
"29189","St. Louis County, Missouri",395782,79440,413258,19382,990414,191309,0.046900483475214,0.193160637874667,1,2
"29510","St. Louis city, Missouri",124612,52847,148348,13224,286578,45176,0.0891417477822418,0.15763945592474,1,4
"30013","Cascade County, Montana",37951,58698,35343,1674,84864,16541,0.0473644003055768,0.194911858974359,1,2
"30029","Flathead County, Montana",44908,65680,46044,1583,111814,23431,0.0343801581096343,0.209553365410414,1,1
"30031","Gallatin County, Montana",58293,83064,52616,2129,124857,17107,0.0404629770412042,0.137012742577509,0,2
"30049","Lewis and Clark County, Montana",32100,72250,30541,1359,73832,15229,0.0444975606561671,0.206265575902048,1,2
"30063","Missoula County, Montana",58615,68305,53358,2871,121041,20890,0.0538063645563927,0.172586148495138,1,3
"30111","Yellowstone County, Montana",82974,79283,70060,2592,169852,31392,0.0369968598344276,0.184819725408002,1,1
"31055","Douglas County, Nebraska",256730,74250,238829,12530,586327,84111,0.0524643154725766,0.143454079378913,1,3
"31109","Lancaster County, Nebraska",153457,66289,132670,7608,324756,50265,0.0573452928318384,0.154777740826959,1,3
"31153","Sarpy County, Nebraska",91434,98603,75460,1503,196553,25404,0.019917837264776,0.129247582077099,0,1
"32003","Clark County, Nevada",962138,70797,857362,51339,2322985,366089,0.0598801906312619,0.157594216062523,1,3
"32031","Washoe County, Nevada",223492,80125,198684,9271,496745,88403,0.046662036198184,0.177964549215392,1,2
"33005","Cheshire County, New Hampshire",33554,77757,31960,447,77350,17151,0.0139862327909887,0.221732385261797,1,1
"33009","Grafton County, New Hampshire",37495,82045,37847,1803,91126,21534,0.047639178798848,0.236310163948818,1,2
"33011","Hillsborough County, New Hampshire",194724,96921,167816,3996,426594,73312,0.0238117938694761,0.171854268930177,1,1
"33013","Merrimack County, New Hampshire",66142,84690,62024,1881,156020,31446,0.0303269702050819,0.201551083194462,1,1
"33015","Rockingham County, New Hampshire",138454,107442,127290,3548,319424,65038,0.027873360043994,0.203610248447205,1,1
"33017","Strafford County, New Hampshire",61286,83119,51687,1976,132275,22750,0.0382301158898756,0.171990171990172,1,2
"34001","Atlantic County, New Jersey",116621,77248,106972,4026,275638,54828,0.0376360169016191,0.198913067138783,1,1
"34003","Bergen County, New Jersey",401849,114336,354937,13191,952997,174761,0.0371643418409464,0.183380430368616,1,1
"34005","Burlington County, New Jersey",203626,100478,176334,5665,466103,85947,0.0321265326029013,0.184394865512558,1,1
"34007","Camden County, New Jersey",220536,81768,203530,12517,524907,87300,0.0614995332383432,0.166315175831147,1,3
"34009","Cape May County, New Jersey",38370,84870,48563,2001,95634,28568,0.0412042089656735,0.29872221176569,1,2
"34011","Cumberland County, New Jersey",58734,60755,54961,2512,151356,24395,0.0457051363694256,0.161176299585084,1,2
"34013","Essex County, New Jersey",342983,74994,321371,25316,849477,122556,0.0787749983663741,0.144272299308869,1,4
"34015","Gloucester County, New Jersey",132197,98301,111781,3595,306601,52448,0.0321611007237366,0.171062716690422,1,1
"34017","Hudson County, New Jersey",302182,83056,304526,19782,703366,89831,0.0649599705772249,0.127715869120771,0,3
"34019","Hunterdon County, New Jersey",52002,142518,50515,1197,129777,27122,0.0236959319014154,0.208989266202794,1,1
"34021","Mercer County, New Jersey",150169,95668,144989,8905,380688,63124,0.0614184524343226,0.165815576009751,1,3
"34023","Middlesex County, New Jersey",358584,102400,306950,10731,861418,140364,0.0349600912200684,0.162945283242282,1,1
"34025","Monmouth County, New Jersey",264705,118194,253767,8494,644098,124889,0.033471649190005,0.193897512490335,1,1
"34027","Morris County, New Jersey",210743,131795,194141,5870,511151,94221,0.0302357564862651,0.184331048946397,1,1
"34029","Ocean County, New Jersey",239984,81101,241983,9093,655735,149854,0.0375770198732969,0.228528292679207,1,1
"34031","Passaic County, New Jersey",221068,79955,179292,8768,513936,81811,0.0489034647390848,0.159185190373899,1,2
"34033","Salem County, New Jersey",28051,77898,25221,1374,65117,12560,0.0544784108481028,0.192883578788949,1,3
"34035","Somerset County, New Jersey",139164,135577,130178,4212,346875,60019,0.032355697583309,0.173027747747748,1,1
"34037","Sussex County, New Jersey",65066,113640,58885,1895,146084,27936,0.0321813704678611,0.191232441608937,1,1
"34039","Union County, New Jersey",246760,98028,202575,4740,569815,87302,0.0233987412069604,0.153211129928135,1,1
"34041","Warren County, New Jersey",51773,98867,45507,1387,110926,21890,0.0304788274331422,0.197338766384797,1,1
"35001","Bernalillo County, New Mexico",283284,65075,286424,17380,672508,121731,0.0606792726866464,0.181010486120611,1,3
"35013","Doa Ana County, New Mexico",88019,51967,85746,7866,223337,37193,0.0917360576586663,0.166533086770217,1,4
"35025","Lea County, New Mexico",28588,58150,25580,2351,72452,8187,0.0919077404222048,0.112998951029647,0,4
"35031","McKinley County, New Mexico",22511,45636,21296,3088,69830,9063,0.145003756574004,0.129786624659888,0,4
"35035","Otero County, New Mexico",27736,54093,24963,1033,68823,12036,0.0413812442414774,0.174883396538948,1,2
"35043","Sandoval County, New Mexico",59388,83639,57614,2500,153501,30379,0.0433922310549519,0.197907505488564,1,2
"35045","San Juan County, New Mexico",44175,50264,41542,3752,120418,19972,0.0903182321505946,0.165855602982943,1,4
"35049","Santa Fe County, New Mexico",59914,72544,72302,4093,155664,43041,0.0566097756631905,0.27649938328708,1,3
"35061","Valencia County, New Mexico",29457,48638,29080,2517,78080,15424,0.0865543328748281,0.197540983606557,1,4
"36001","Albany County, New York",132470,77049,133811,10624,315811,58247,0.0793955653870011,0.184436260928213,1,4
"36005","Bronx County, New York",500284,45517,533035,76792,1379946,199243,0.144065586687553,0.144384635340803,1,4
"36007","Broome County, New York",81402,60616,82108,6235,197117,40868,0.0759365713450577,0.207328642379906,1,4
"36009","Cattaraugus County, New York",31132,50508,32016,2259,76439,16104,0.0705584707646177,0.21067779536624,1,4
"36011","Cayuga County, New York",31034,64031,32108,2376,74998,16589,0.0740002491590881,0.22119256513507,1,4
"36013","Chautauqua County, New York",49874,55457,54431,3704,126027,27955,0.0680494571108376,0.221817547033572,1,4
"36015","Chemung County, New York",30865,55845,34319,1859,81426,17088,0.0541682449954836,0.209859258713433,1,3
"36019","Clinton County, New York",31221,66152,33231,2512,78753,15710,0.0755920676476784,0.199484464083908,1,4
"36027","Dutchess County, New York",124801,90889,117028,5319,297545,57818,0.0454506613801825,0.194316826026315,1,2
"36029","Erie County, New York",398906,70044,411422,27924,950312,184883,0.0678719173986807,0.194549789963717,1,4
"36045","Jefferson County, New York",51015,56423,46815,3341,116637,17927,0.0713660151660793,0.153699083481228,1,4
"36047","Kings County, New York",985423,73951,1026361,83259,2590516,405138,0.0811205803805873,0.156392780434477,1,4
"36053","Madison County, New York",28345,69986,27515,1013,67097,13866,0.0368162820279847,0.206656035292189,1,1
"36055","Monroe County, New York",312308,67923,319346,21448,752035,142223,0.0671622628747503,0.189117527774638,1,3
"36059","Nassau County, New York",594945,136984,456149,11926,1383726,261056,0.0261449657896871,0.188661628096892,1,1
"36061","New York County, New York",646536,95866,803844,73202,1596273,293385,0.0910649329969497,0.183793749565394,1,4
"36063","Niagara County, New York",91284,63441,94001,5585,210880,43147,0.059414261550409,0.204604514415781,1,3
"36065","Oneida County, New York",86256,64316,98267,6978,228846,45843,0.0710106139395728,0.200322487611756,1,4
"36067","Onondaga County, New York",195352,70968,200340,13252,468249,88586,0.0661475491664171,0.189185668308955,1,3
"36069","Ontario County, New York",46462,76424,48181,2049,112707,25394,0.0425271372532741,0.225309874275777,1,2
"36071","Orange County, New York",162285,89037,139757,6922,405941,59817,0.0495288250320199,0.147353925816806,1,2
"36075","Oswego County, New York",49022,58984,48142,3184,118287,21670,0.0661376760417099,0.183198491803833,1,3
"36079","Putnam County, New York",42708,111102,36104,1219,98045,18963,0.0337635719033902,0.193411188739864,1,1
"36081","Queens County, New York",973486,80557,839853,49792,2278029,409723,0.0592865656251749,0.179858553161527,1,3
"36083","Rensselaer County, New York",68401,83109,66238,2652,159853,29968,0.0400374407439838,0.187472240120611,1,2
"36085","Richmond County, New York",204165,93164,169946,10330,491133,85349,0.0607840137455427,0.173779811171312,1,3
"36087","Rockland County, New York",124155,100397,104003,4435,339022,53896,0.0426430006826726,0.158974933780109,1,2
"36089","St. Lawrence County, New York",39085,59683,41906,3015,107733,20671,0.0719467379372882,0.191872499605506,1,4
"36091","Saratoga County, New York",105260,93301,101315,2767,238797,48487,0.0273108621625623,0.203046939450663,1,1
"36093","Schenectady County, New York",67146,74765,65758,4000,160093,28387,0.060829100641747,0.177315685257944,1,3
"36101","Steuben County, New York",37863,60204,40347,2243,92599,19294,0.0555927330408705,0.208360781433925,1,3
"36103","Suffolk County, New York",682222,119838,511964,18842,1525465,277501,0.0368033689868819,0.181912400481165,1,1
"36105","Sullivan County, New York",31928,63777,32758,1139,79658,15354,0.0347701324867208,0.192749001983479,1,1
"36109","Tompkins County, New York",39076,74034,42108,4420,104777,16953,0.104968177068491,0.161800776888057,1,4
"36111","Ulster County, New York",67156,80372,75187,5472,182319,39792,0.0727785388431511,0.218254817106281,1,4
"36113","Warren County, New York",27556,69865,30646,1510,65599,16229,0.0492723357044965,0.247397063979634,1,2
"36117","Wayne County, New York",38334,71079,36958,1937,91125,19377,0.0524108447426809,0.212641975308642,1,3
"36119","Westchester County, New York",400448,108144,373505,20931,990427,182142,0.0560394104496593,0.183902498619282,1,3
"37001","Alamance County, North Carolina",73247,59919,70125,3452,176353,30510,0.0492263814616756,0.173005279184363,1,2
"37019","Brunswick County, North Carolina",54547,72820,69478,1841,153064,53517,0.0264975963614382,0.349638059896514,1,1
"37021","Buncombe County, North Carolina",105560,68019,103428,6115,273589,59796,0.0591232548246123,0.218561418770492,1,3
"37023","Burke County, North Carolina",38779,62267,37296,1900,87881,18889,0.0509438009438009,0.214938382585542,1,3
"37025","Cabarrus County, North Carolina",90471,78857,87195,2978,235797,32456,0.0341533344801881,0.137643820744115,0,1
"37027","Caldwell County, North Carolina",33424,51592,33429,1760,80492,17538,0.0526488976637052,0.217885007205685,1,3
"37031","Carteret County, North Carolina",25831,66799,31294,1845,69380,19067,0.0589569885601074,0.274819832804843,1,3
"37035","Catawba County, North Carolina",71723,62981,67237,2325,163462,31824,0.0345791751565358,0.194687450294258,1,1
"37037","Chatham County, North Carolina",30930,77906,34020,605,79864,20468,0.0177836566725456,0.256285685665632,1,1
"37045","Cleveland County, North Carolina",38759,51470,38712,2270,100670,19898,0.058638148377764,0.197655706764677,1,3
"37049","Craven County, North Carolina",41669,63964,42575,2395,100874,20832,0.056253669994128,0.206515058389674,1,3
"37051","Cumberland County, North Carolina",144401,58110,132366,8255,336699,44570,0.0623649577686113,0.132373425522499,0,3
"37057","Davidson County, North Carolina",70892,63741,68813,2697,172586,32860,0.0391931757080784,0.19039783064675,1,2
"37063","Durham County, North Carolina",140261,80089,140637,5503,332680,49253,0.039129105427448,0.148049176385716,1,2
"37067","Forsyth County, North Carolina",150219,62319,156738,9551,389157,66587,0.0609360844211359,0.171105749093553,1,3
"37069","Franklin County, North Carolina",32589,73182,27803,1548,74539,12973,0.0556774448800489,0.174043118367566,1,3
"37071","Gaston County, North Carolina",99963,65615,95687,6719,234215,38697,0.070218524982495,0.165219990179963,1,4
"37081","Guilford County, North Carolina",225503,63475,220704,16103,546101,88476,0.0729619762215456,0.162013986423757,1,4
"37085","Harnett County, North Carolina",55751,65778,50584,3583,138832,19427,0.0708326743634351,0.139931716030886,0,4
"37089","Henderson County, North Carolina",47997,63552,52076,3202,118106,31825,0.0614870573776788,0.269461331346418,1,3
"37097","Iredell County, North Carolina",79391,71943,74346,2929,195897,33776,0.0393968740752697,0.1724171375774,1,2
"37101","Johnston County, North Carolina",98864,81725,85906,3362,234778,33124,0.0391357995949061,0.141086473178918,1,2
"37105","Lee County, North Carolina",27453,56540,25234,1519,65476,11773,0.0601965601965602,0.179806341254811,1,3
"37109","Lincoln County, North Carolina",37291,79003,37830,2078,93095,18062,0.0549299497753106,0.19401686449326,1,3
"37119","Mecklenburg County, North Carolina",434143,80365,472427,20819,1145392,139061,0.0440681840792334,0.12140908963918,0,2
"37125","Moore County, North Carolina",41629,85382,44625,2498,105531,25090,0.0559775910364146,0.237750045010471,1,3
"37127","Nash County, North Carolina",37444,54175,38214,2220,95789,18977,0.0580938922907835,0.198112518138826,1,3
"37129","New Hanover County, North Carolina",104005,70485,103978,4916,234921,44842,0.0472792321452615,0.1908811898468,1,2
"37133","Onslow County, North Carolina",94654,62460,75898,3162,207298,21518,0.0416611768426045,0.103802255689876,0,2
"37135","Orange County, North Carolina",55939,89291,58048,2845,150477,24710,0.0490111631753032,0.164211141902085,1,2
"37141","Pender County, North Carolina",25224,76922,26039,1692,65737,12204,0.064979453896079,0.185648873541537,1,3
"37147","Pitt County, North Carolina",75003,57049,74938,8059,173542,25748,0.107542234914196,0.14836754215118,1,4
"37151","Randolph County, North Carolina",62904,55671,58218,2465,146043,27331,0.0423408567796901,0.187143512527132,1,2
"37155","Robeson County, North Carolina",42089,38610,43716,5932,116663,19107,0.135694025070912,0.163779433067896,1,4
"37157","Rockingham County, North Carolina",35387,51310,39830,2611,91957,19535,0.0655536028119508,0.212436247376491,1,3
"37159","Rowan County, North Carolina",63397,61311,58190,2129,149645,27129,0.0365870424471559,0.18128905075345,1,1
"37171","Surry County, North Carolina",29943,44485,31038,2432,71403,14784,0.0783555641471744,0.207050123944372,1,4
"37179","Union County, North Carolina",101338,94168,84214,3115,249070,33835,0.036989099199658,0.135845344682218,0,1
"37183","Wake County, North Carolina",443712,96806,445464,16528,1175021,153145,0.0371028859795629,0.130333840841993,0,1
"37191","Wayne County, North Carolina",48390,55588,47283,2696,117286,19981,0.0570183786984751,0.170361338949235,1,3
"37193","Wilkes County, North Carolina",24393,45508,26947,1944,65784,15393,0.0721416113110921,0.233993068223276,1,4
"37195","Wilson County, North Carolina",31972,50267,33587,3073,78449,15498,0.0914937326941972,0.197555099491389,1,4
"38015","Burleigh County, North Dakota",46146,81893,41761,2326,99280,17928,0.055697899954503,0.18058017727639,1,3
"38017","Cass County, North Dakota",100483,66747,82870,3643,192734,25165,0.0439604199348377,0.130568555625889,0,2
"38035","Grand Forks County, North Dakota",38692,61972,30068,2470,72413,10336,0.0821471331648264,0.142736801403063,1,4
"38101","Ward County, North Dakota",35336,73787,29301,1278,68870,9527,0.0436162588307566,0.138333091331494,0,2
"39003","Allen County, Ohio",44781,59880,41028,2198,101115,19316,0.0535731695427513,0.191030015329081,1,3
"39007","Ashtabula County, Ohio",39899,51737,38898,2109,97014,19747,0.0542187258985038,0.203547941534212,1,3
"39013","Belmont County, Ohio",25465,56422,26781,2983,65509,14475,0.11138493708226,0.220962005220657,1,4
"39017","Butler County, Ohio",157923,74581,148259,7141,388420,63794,0.0481657100074869,0.164239740487102,1,2
"39023","Clark County, Ohio",54280,56132,56033,2501,134831,27627,0.044634411864437,0.204900950078246,1,2
"39025","Clermont County, Ohio",90333,78010,84660,2275,210805,39140,0.0268721946609969,0.185669220369536,1,1
"39029","Columbiana County, Ohio",40121,53095,40326,1765,100511,21845,0.0437682884491395,0.217339395688034,1,2
"39035","Cuyahoga County, Ohio",501014,60736,554982,42233,1236041,242286,0.0760979635375562,0.196017769637091,1,4
"39041","Delaware County, Ohio",85045,119030,82755,1898,226296,34268,0.0229351700803577,0.151429985505709,1,1
"39043","Erie County, Ohio",35027,69296,33454,1978,74501,17715,0.0591259640102828,0.237782043194051,1,3
"39045","Fairfield County, Ohio",70477,82486,60387,1843,162898,27439,0.0305198138672231,0.168442829255117,1,1
"39049","Franklin County, Ohio",559037,69681,550153,30069,1321820,174819,0.054655704867555,0.132256283003737,0,3
"39055","Geauga County, Ohio",40214,102350,35775,1363,95469,21495,0.0380992313067785,0.225151619897558,1,2
"39057","Greene County, Ohio",72108,82602,66598,2981,168456,32169,0.0447611039370552,0.190963812508904,1,2
"39061","Hamilton County, Ohio",352058,66878,355784,28948,825037,139127,0.0813639736469318,0.168631225023847,1,4
"39063","Hancock County, Ohio",35973,71377,32136,1114,74861,13975,0.0346651730146876,0.18667931232551,1,1
"39085","Lake County, Ohio",100487,75615,100923,3842,231842,50280,0.0380686265766971,0.216871835129097,1,2
"39089","Licking County, Ohio",73348,76654,70064,2933,181359,32332,0.0418617264215574,0.178276236635623,1,2
"39093","Lorain County, Ohio",126419,66330,126500,7031,316268,62951,0.0555810276679842,0.199043216512578,1,3
"39095","Lucas County, Ohio",181912,57736,187290,16504,426643,74954,0.0881200277644295,0.175683182426525,1,4
"39099","Mahoning County, Ohio",92526,54473,99004,8281,225636,51020,0.0836430851278736,0.22611639986527,1,4
"39101","Marion County, Ohio",24684,56707,24930,1682,64642,12177,0.0674689129562776,0.188375978466013,1,3
"39103","Medina County, Ohio",79130,87796,73250,2375,183512,36994,0.0324232081911263,0.201588996904835,1,1
"39109","Miami County, Ohio",50794,71457,45891,1295,110247,21537,0.0282190407705215,0.195352254483115,1,1
"39113","Montgomery County, Ohio",223142,62728,235545,15591,533892,100048,0.0661911736610839,0.187393705093914,1,3
"39119","Muskingum County, Ohio",36920,58326,35912,1588,86113,16015,0.0442192024949878,0.185976565675334,1,2
"39133","Portage County, Ohio",68833,72964,64437,4328,161745,30001,0.0671663795645359,0.185483322513834,1,3
"39139","Richland County, Ohio",49638,53047,50248,2326,125319,24950,0.0462903996178952,0.199091917426727,1,2
"39141","Ross County, Ohio",30596,60157,29399,1316,76606,13417,0.0447634273274601,0.175142939195363,1,2
"39145","Scioto County, Ohio",27537,46606,29715,2242,72194,13762,0.0754501093723709,0.190625259716874,1,4
"39151","Stark County, Ohio",159634,64582,155070,7928,372657,77247,0.0511252982524021,0.207287129988166,1,3
"39153","Summit County, Ohio",224779,65763,230471,11859,535882,105433,0.0514554976548026,0.196746671841935,1,3
"39155","Trumbull County, Ohio",81502,53220,84721,6219,200643,45078,0.073405649130676,0.224667693365829,1,4
"39157","Tuscarawas County, Ohio",38776,58588,38476,1377,91937,18912,0.0357885435076411,0.205706081338308,1,1
"39159","Union County, Ohio",29747,104195,24987,841,66898,10000,0.0336575019009885,0.149481299889384,1,1
"39165","Warren County, Ohio",104905,104066,93817,3293,249778,39526,0.0351002483558417,0.158244521134768,1,1
"39169","Wayne County, Ohio",49056,69876,44042,1458,116559,22145,0.0331047636347123,0.18998961899124,1,1
"39173","Wood County, Ohio",62750,65458,55064,3288,131592,22668,0.0597123347377597,0.172259711836586,1,3
"40017","Canadian County, Oklahoma",76635,80904,59025,3088,169149,23410,0.0523168149089369,0.138398689912444,0,3
"40027","Cleveland County, Oklahoma",133057,70422,117629,7008,299587,44345,0.0595771450917716,0.14802044147443,1,3
"40031","Comanche County, Oklahoma",49173,55285,45966,2724,123046,16699,0.0592611930557368,0.135713473010094,0,3
"40037","Creek County, Oklahoma",28090,56756,27921,2176,72699,13544,0.0779341714121987,0.186302425067745,1,4
"40101","Muskogee County, Oklahoma",25083,54070,25751,2355,66354,11510,0.0914527591161508,0.173463544021461,1,4
"40109","Oklahoma County, Oklahoma",346299,61446,324396,21119,802559,117421,0.065102529007756,0.146308246496519,1,3
"40119","Payne County, Oklahoma",34516,45684,33781,3837,82794,11394,0.113584559367692,0.137618668019422,0,4
"40125","Pottawatomie County, Oklahoma",25121,50583,26887,2335,73533,12493,0.0868449436530665,0.169896509050358,1,4
"40131","Rogers County, Oklahoma",43679,71817,36894,1278,98836,16981,0.0346397788258253,0.171809866850136,1,1
"40143","Tulsa County, Oklahoma",289706,63332,273687,17863,677358,104580,0.0652679886147314,0.154393983683665,1,3
"40145","Wagoner County, Oklahoma",37829,73199,31805,1026,86644,15096,0.0322590787612011,0.174230183278704,1,1
"41003","Benton County, Oregon",39934,68524,38831,3032,97630,17510,0.0780819448378873,0.179350609443819,1,4
"41005","Clackamas County, Oregon",164400,97419,163805,5860,423177,84463,0.0357742437654528,0.199592605458236,1,1
"41017","Deschutes County, Oregon",78227,82052,85108,3571,206549,44477,0.041958452789397,0.215333891715767,1,2
"41019","Douglas County, Oregon",37194,54387,47263,3490,112297,29969,0.073842117512642,0.266872668014284,1,4
"41029","Jackson County, Oregon",86509,69152,92554,4079,221644,51843,0.0440715690299717,0.233902113298803,1,2
"41033","Josephine County, Oregon",28727,53838,36633,3304,87730,24034,0.0901919034750089,0.273954177590334,1,4
"41035","Klamath County, Oregon",24865,53923,28643,2847,70212,15384,0.0993960129874664,0.219107844812853,1,4
"41039","Lane County, Oregon",157743,64069,160316,12361,382353,81354,0.0771039696599217,0.212771967265851,1,4
"41043","Linn County, Oregon",52044,67009,51267,1576,130467,25786,0.0307410224901008,0.197643848636054,1,1
"41047","Marion County, Oregon",139182,71022,128254,5697,346703,58746,0.0444196672228546,0.169441856574647,1,2
"41051","Multnomah County, Oregon",324995,79909,346491,18510,795083,119503,0.0534213009861728,0.150302547029681,1,3
"41053","Polk County, Oregon",33233,77368,33130,2333,89614,17340,0.070419559311802,0.193496551878055,1,4
"41059","Umatilla County, Oregon",34720,77006,30083,908,80215,13802,0.0301831599242097,0.172062581811382,1,1
"41067","Washington County, Oregon",239262,98906,237319,7575,600176,89904,0.0319190625276527,0.149796059822452,1,1
"41071","Yamhill County, Oregon",43132,77267,38601,1649,108226,20471,0.0427191005414368,0.189150481400033,1,2
"42001","Adams County, Pennsylvania",46063,76727,40676,2076,106027,23113,0.0510374668108959,0.217991643637941,1,3
"42003","Allegheny County, Pennsylvania",496365,72031,539000,31629,1233253,251083,0.0586808905380334,0.203594071938199,1,3
"42005","Armstrong County, Pennsylvania",27442,57500,27720,1520,64747,15484,0.0548340548340548,0.239146215268661,1,3
"42007","Beaver County, Pennsylvania",69464,67350,72129,3889,165677,38044,0.0539172870828654,0.229627528262825,1,3
"42011","Berks County, Pennsylvania",187148,72070,162183,8329,430449,78074,0.051355567476246,0.181378049432105,1,3
"42013","Blair County, Pennsylvania",52984,58022,52260,4363,121032,26707,0.083486414083429,0.220660651728468,1,4
"42017","Bucks County, Pennsylvania",272146,105398,250774,6203,645054,132739,0.0247354191423353,0.205779671159314,1,1
"42019","Butler County, Pennsylvania",81617,81353,80941,2889,197300,41160,0.0356926650276127,0.208616320324379,1,1
"42021","Cambria County, Pennsylvania",48790,54905,55225,4061,131441,31915,0.0735355364418289,0.242808560494823,1,4
"42025","Carbon County, Pennsylvania",26572,64456,27966,656,65460,15236,0.0234570549953515,0.232752826153376,1,1
"42027","Centre County, Pennsylvania",60496,66602,60457,4371,158425,25583,0.0722993201779777,0.161483351743727,1,4
"42029","Chester County, Pennsylvania",223562,117232,204309,5199,545823,97204,0.0254467497760745,0.178087035540826,1,1
"42033","Clearfield County, Pennsylvania",32382,60228,32709,1852,77904,17579,0.056620502002507,0.225649517354693,1,3
"42039","Crawford County, Pennsylvania",34801,54497,34905,1492,82670,18752,0.0427445924652629,0.22682956332406,1,2
"42041","Cumberland County, Pennsylvania",105673,80926,106531,3755,268579,51168,0.0352479559940299,0.190513778069023,1,1
"42043","Dauphin County, Pennsylvania",119507,67424,122403,9144,288800,53028,0.0747040513712899,0.183614958448753,1,4
"42045","Delaware County, Pennsylvania",233997,83960,216679,12674,575182,101288,0.0584920550676346,0.176097304853073,1,3
"42049","Erie County, Pennsylvania",110615,56094,111286,8266,267689,52621,0.0742770878637025,0.196575130094998,1,4
"42051","Fayette County, Pennsylvania",48920,51776,55657,4466,125755,28548,0.0802414790592378,0.227012842431712,1,4
"42055","Franklin County, Pennsylvania",67125,74002,64960,2164,156902,32193,0.0333128078817734,0.205179028948006,1,1
"42063","Indiana County, Pennsylvania",34278,52361,32060,1915,82957,17426,0.059731752963194,0.210060633822342,1,3
"42069","Lackawanna County, Pennsylvania",92144,61372,89262,5399,215615,43885,0.0604848647800856,0.203534076942699,1,3
"42071","Lancaster County, Pennsylvania",250544,82691,212016,6658,556629,110036,0.0314032903177119,0.19768283722192,1,1
"42073","Lawrence County, Pennsylvania",31920,58908,35694,1711,84849,19781,0.0479352272090547,0.23313179884265,1,2
"42075","Lebanon County, Pennsylvania",60916,68467,55245,2466,144011,29463,0.0446375237578061,0.204588538375541,1,2
"42077","Lehigh County, Pennsylvania",163698,72530,142990,5944,376317,64951,0.0415693405133226,0.172596507731514,1,2
"42079","Luzerne County, Pennsylvania",140270,59603,134858,8290,326369,65695,0.0614720669148289,0.201290563748395,1,3
"42081","Lycoming County, Pennsylvania",48454,62516,46774,2214,113104,23366,0.0473339889682302,0.206588626396944,1,2
"42085","Mercer County, Pennsylvania",43596,57618,45960,3138,109220,25113,0.0682767624020888,0.229930415674785,1,4
"42089","Monroe County, Pennsylvania",70476,81580,58034,3000,167198,32578,0.0516938346486542,0.194846828311343,1,3
"42091","Montgomery County, Pennsylvania",347503,106811,335219,12660,864683,164371,0.0377663557256599,0.190093941941729,1,2
"42095","Northampton County, Pennsylvania",136461,74696,121651,5679,318526,64444,0.0466827235287832,0.202319433892367,1,2
"42097","Northumberland County, Pennsylvania",35678,58987,38451,2427,90133,20074,0.0631192946867442,0.222715320692754,1,3
"42101","Philadelphia County, Pennsylvania",595553,56517,695320,67579,1567258,230682,0.0971912213081746,0.147188274042946,1,4
"42107","Schuylkill County, Pennsylvania",60124,64160,58222,2318,143104,30406,0.0398131290577445,0.212474843470483,1,2
"42111","Somerset County, Pennsylvania",27489,48438,29464,1441,72710,17573,0.0489071409177301,0.241686150460734,1,2
"42125","Washington County, Pennsylvania",83179,70303,89735,5570,210383,46593,0.0620716554298769,0.221467514010162,1,3
"42129","Westmoreland County, Pennsylvania",149288,71363,156132,6425,352057,86332,0.0411510772935721,0.245221654448001,1,2
"42133","York County, Pennsylvania",202168,80130,184019,8121,461058,86739,0.0441313125275107,0.188130343687779,1,2
"44003","Kent County, Rhode Island",77143,85395,73272,2386,171275,34937,0.0325635986461404,0.203981900452489,1,1
"44005","Newport County, Rhode Island",34737,93334,37165,2007,84481,21442,0.0540024216332571,0.253808548667748,1,3
"44007","Providence County, Rhode Island",284788,75293,263501,17299,657288,108329,0.065650604741538,0.164812076289237,1,3
"44009","Washington County, Rhode Island",57484,100459,53138,2013,130330,30807,0.0378824946366066,0.236376889434512,1,2
"45003","Aiken County, South Carolina",67724,68473,71391,4991,174150,37041,0.0699107730666331,0.212695951765719,1,4
"45007","Anderson County, South Carolina",88221,62720,85096,6938,209581,39263,0.0815314468365141,0.18734045548022,1,4
"45013","Beaufort County, South Carolina",75216,83323,80670,3163,196371,55980,0.0392091235899343,0.285072643109217,1,2
"45015","Berkeley County, South Carolina",109632,80185,94287,3507,245117,36789,0.0371949473416272,0.150087509230286,1,1
"45019","Charleston County, South Carolina",182455,80401,179597,10268,419279,76165,0.0571724472012339,0.181657082753966,1,3
"45035","Dorchester County, South Carolina",72599,73791,64183,2542,166133,25794,0.039605503014817,0.155261146190101,1,2
"45041","Florence County, South Carolina",52649,49527,53185,5563,136721,24716,0.104597160853624,0.180776910642842,1,4
"45045","Greenville County, South Carolina",230775,71728,222007,10749,547950,93196,0.0484173922443887,0.170081211789397,1,2
"45047","Greenwood County, South Carolina",26379,47052,27177,2390,69267,14434,0.0879420097876881,0.208382057834178,1,4
"45051","Horry County, South Carolina",150946,61063,162136,7544,383101,101673,0.0465288399861844,0.265394765349086,1,2
"45055","Kershaw County, South Carolina",28799,58684,26752,1295,67751,12766,0.0484075956937799,0.188425263095748,1,2
"45057","Lancaster County, South Carolina",38901,68108,40910,1733,104577,22877,0.0423612808604253,0.218757470571923,1,2
"45059","Laurens County, South Carolina",28576,54334,26848,1858,67965,13528,0.0692044100119189,0.199043625395424,1,4
"45063","Lexington County, South Carolina",125199,72801,122936,6397,304797,52883,0.05203520531008,0.173502363868411,1,3
"45073","Oconee County, South Carolina",30879,55195,37516,3087,80180,19769,0.0822848917795074,0.246557745073584,1,4
"45075","Orangeburg County, South Carolina",31992,40016,33632,3671,83094,17377,0.10915199809705,0.209124605868053,1,4
"45077","Pickens County, South Carolina",55353,53022,53210,2696,133462,23266,0.0506671678255967,0.174326774662451,1,3
"45079","Richland County, South Carolina",183879,60442,168877,12349,421566,59738,0.0731242265080502,0.141704976207759,1,4
"45083","Spartanburg County, South Carolina",146355,57755,133018,7365,345831,57148,0.0553684463756785,0.165248343844248,1,3
"45085","Sumter County, South Carolina",41607,57775,40388,2116,104012,18338,0.0523917995444191,0.176306580009999,1,3
"45091","York County, South Carolina",125628,83613,114312,4710,294248,46787,0.0412030233046399,0.159005328838259,1,2
"46083","Lincoln County, South Dakota",34290,90600,27815,558,70987,11080,0.0200611181017437,0.156084916956626,1,1
"46099","Minnehaha County, South Dakota",102072,74253,85576,4065,203971,28434,0.0475016359727026,0.139402169916312,0,2
"46103","Pennington County, South Dakota",49014,65801,47370,2213,114461,22794,0.0467173316445007,0.199142065856493,1,2
"47001","Anderson County, Tennessee",31350,67746,32158,1557,78913,15491,0.0484171901237639,0.196304791352502,1,2
"47009","Blount County, Tennessee",55300,69756,56211,2163,139958,29825,0.0384800128088808,0.213099644178968,1,2
"47011","Bradley County, Tennessee",48055,63659,42035,1751,110616,19326,0.0416557630545974,0.174712518984595,1,2
"47037","Davidson County, Tennessee",310772,72473,327791,18594,708144,94485,0.056725169391472,0.13342625228767,0,3
"47059","Greene County, Tennessee",26189,48918,29065,1942,71405,15708,0.0668157577842766,0.219984594916322,1,3
"47063","Hamblen County, Tennessee",27584,59418,26994,2005,65168,11463,0.0742757649848114,0.175899214338326,1,4
"47065","Hamilton County, Tennessee",159869,76219,152851,4693,374682,69587,0.0307031030218971,0.185722826290027,1,1
"47093","Knox County, Tennessee",217680,69999,201193,10258,494574,81398,0.050985869289687,0.164582044345234,1,3
"47113","Madison County, Tennessee",41353,55666,38590,2216,99245,18055,0.0574242031614408,0.181923522595597,1,3
"47119","Maury County, Tennessee",46308,68157,42343,2298,108159,18549,0.0542710719599462,0.171497517543616,1,3
"47125","Montgomery County, Tennessee",103215,67264,89176,4905,235201,23179,0.0550035884094375,0.0985497510639836,0,3
"47141","Putnam County, Tennessee",33753,54373,34678,3784,82382,14322,0.109118172905012,0.173848656259863,1,4
"47147","Robertson County, Tennessee",33526,79171,28955,981,75470,11636,0.0338801588672077,0.154180469060554,1,1
"47149","Rutherford County, Tennessee",168199,76857,132945,4657,360619,40993,0.0350295234871563,0.113673988336721,0,1
"47155","Sevier County, Tennessee",48213,59315,42814,2170,98789,20128,0.0506843555846219,0.203747380781261,1,3
"47157","Shelby County, Tennessee",375849,61516,362643,24559,916371,137972,0.0677222502571399,0.150563472654634,1,4
"47163","Sullivan County, Tennessee",60961,53585,69704,3199,160820,35623,0.0458940663376564,0.22150851884094,1,2
"47165","Sumner County, Tennessee",83695,88764,79326,3037,203858,34541,0.0382850515593878,0.169436568591863,1,2
"47179","Washington County, Tennessee",60378,64899,56081,3182,136172,26156,0.0567393591412421,0.192080603942073,1,3
"47187","Williamson County, Tennessee",93403,129275,93752,1396,260815,38205,0.0148903490058879,0.146483139389989,1,1
"47189","Wilson County, Tennessee",63562,87003,60788,2093,158555,25089,0.0344311377245509,0.158235312667529,1,1
"48005","Angelina County, Texas",35558,58180,34276,1749,87101,14368,0.0510269576379974,0.164957922411913,1,3
"48021","Bastrop County, Texas",38980,72663,37278,2331,106188,16965,0.0625301786576533,0.159763815120353,1,3
"48027","Bell County, Texas",160988,62137,143361,9552,388386,45651,0.0666289995186976,0.117540282090498,0,3
"48029","Bexar County, Texas",853943,65854,754632,40166,2059530,261960,0.053225943241209,0.127194068549621,0,3
"48037","Bowie County, Texas",34881,49771,35469,3085,92035,17294,0.0869773605119964,0.187906774596621,1,4
"48039","Brazoria County, Texas",160595,86083,133871,5006,388181,49545,0.0373942078568174,0.127633758478648,0,1
"48041","Brazos County, Texas",104672,60393,93580,10296,242014,25362,0.110023509296858,0.104795590337749,0,4
"48061","Cameron County, Texas",158176,50649,137982,11365,425208,60258,0.0823658158310504,0.141714172828357,1,4
"48085","Collin County, Texas",441529,113305,414601,12054,1158696,135472,0.0290737359533624,0.116917638448739,0,1
"48091","Comal County, Texas",73814,91171,70544,2002,184642,34072,0.0283794511227036,0.1845300635825,1,1
"48099","Coryell County, Texas",32302,65846,27660,862,85057,9929,0.0311641359363702,0.116733484604442,0,1
"48113","Dallas County, Texas",1117226,70852,992995,55017,2600840,306818,0.055405112815271,0.117968810076744,0,3
"48121","Denton County, Texas",405342,102428,361770,14511,977281,112877,0.0401111203250684,0.11550106878165,0,2
"48135","Ector County, Texas",71684,68071,63738,4808,160869,15916,0.0754338071480122,0.0989376449160497,0,4
"48139","Ellis County, Texas",93869,89856,73227,2489,212182,27763,0.0339901948734756,0.130845217784732,0,1
"48141","El Paso County, Texas",354165,53424,300636,22976,868763,113548,0.0764246464162642,0.130700778002746,0,4
"48157","Fort Bend County, Texas",367973,105205,295091,10748,889146,111325,0.0364226628395986,0.125204409624516,0,1
"48167","Galveston County, Texas",149454,75565,143725,9602,357117,56495,0.0668081405461819,0.158197453495633,1,3
"48181","Grayson County, Texas",58434,66106,54309,1753,143131,26264,0.0322782595886501,0.183496237712305,1,1
"48183","Gregg County, Texas",51588,61496,47877,3544,125443,20657,0.0740230173152035,0.164672401010818,1,4
"48187","Guadalupe County, Texas",76674,87030,66711,2621,182760,27378,0.0392888728995218,0.149803020354563,1,2
"48201","Harris County, Texas",2029830,68706,1779980,100105,4780913,560423,0.0562393959482691,0.117220915753957,0,3
"48203","Harrison County, Texas",30792,69212,26795,1201,69955,12127,0.0448217951110282,0.173354299192338,1,2
"48209","Hays County, Texas",116309,88617,101449,5898,269225,32508,0.0581375863734487,0.120746587426873,0,3
"48213","Henderson County, Texas",33576,65283,33671,1122,84511,19498,0.0333224436458674,0.230715528156098,1,1
"48215","Hidalgo County, Texas",321760,49142,270891,20735,888367,102441,0.0765437020794342,0.115313828631635,0,4
"48221","Hood County, Texas",24160,69462,25700,1434,66373,17723,0.0557976653696498,0.267021228511594,1,3
"48231","Hunt County, Texas",42412,69253,38072,1285,108282,16825,0.0337518386215592,0.15538131914815,1,1
"48245","Jefferson County, Texas",96978,54797,96171,8270,250830,38806,0.0859926589096505,0.15471036159949,1,4
"48251","Johnson County, Texas",83829,76320,66686,2397,195506,27520,0.0359445760729388,0.140762943336777,1,1
"48257","Kaufman County, Texas",75509,94868,50855,1454,172366,18282,0.0285910923213057,0.106065001218338,0,1
"48291","Liberty County, Texas",33511,61525,32223,3072,101992,12610,0.0953356298296248,0.123637148011609,0,4
"48303","Lubbock County, Texas",147026,59161,127879,9814,317561,41814,0.0767444224618585,0.131672340117332,0,4
"48309","McLennan County, Texas",110648,64320,94725,8788,266836,41043,0.0927738189495909,0.15381357837773,1,4
"48329","Midland County, Texas",81560,76332,69398,6101,171999,18356,0.087913196345716,0.10672155070669,0,4
"48339","Montgomery County, Texas",268581,94972,249534,11632,678490,94307,0.0466148901552494,0.13899541629206,0,2
"48355","Nueces County, Texas",157003,60361,131989,7913,351674,55301,0.0599519656941109,0.157250749273475,1,3
"48361","Orange County, Texas",36377,64601,33580,3296,84934,14163,0.0981536628945801,0.166753008218146,1,4
"48367","Parker County, Texas",73183,96017,55761,2468,165834,26615,0.0442603253169778,0.160491817118323,1,2
"48375","Potter County, Texas",46727,50661,42366,3233,115645,16147,0.0763111929377331,0.139625578278352,0,4
"48381","Randall County, Texas",69553,76744,55187,2676,146140,22494,0.048489680540707,0.153920897769262,1,2
"48397","Rockwall County, Texas",51508,123767,41956,1033,123208,15803,0.0246210315568691,0.128262775144471,0,1
"48409","San Patricio County, Texas",25836,64741,24376,1802,69954,10676,0.0739251723006236,0.152614575292335,1,4
"48423","Smith County, Texas",100272,68192,80889,2446,241922,42086,0.030238969451965,0.173965162325047,1,1
"48427","Starr County, Texas",21961,33871,19082,2601,65728,7390,0.136306466827377,0.11243305744888,0,4
"48439","Tarrant County, Texas",918530,76210,787083,36349,2154595,265895,0.046181914740885,0.123408343563408,0,2
"48441","Taylor County, Texas",66463,62107,53907,3408,145163,21413,0.0632199899827481,0.147510040437302,1,3
"48451","Tom Green County, Texas",51465,59853,46843,2397,118892,19743,0.0511709326900497,0.166058271372338,1,3
"48453","Travis County, Texas",526347,95259,586136,28675,1326436,145457,0.0489220931660911,0.109660021290134,0,2
"48469","Victoria County, Texas",38664,71192,34188,1447,91065,15360,0.0423247923247923,0.168670729698567,1,2
"48471","Walker County, Texas",25621,51528,26918,3257,78870,12265,0.120997102310721,0.155509065550907,1,4
"48479","Webb County, Texas",106555,59603,82519,4584,267780,26934,0.0555508428361953,0.100582567779521,0,3
"48485","Wichita County, Texas",59613,56944,50211,3490,129978,19924,0.0695066818027922,0.153287479419594,1,4
"48491","Williamson County, Texas",265393,101323,258095,7720,671418,86749,0.0299114667079951,0.129202672552717,0,1
"48497","Wise County, Texas",32751,80305,25430,770,74895,11686,0.0302791977978765,0.156031777822285,1,1
"49005","Cache County, Utah",61297,76457,45099,1598,140173,13740,0.0354331581631522,0.0980217302904268,0,1
"49011","Davis County, Utah",146982,103563,116709,3231,369948,40821,0.0276842402899519,0.110342534626488,0,1
"49035","Salt Lake County, Utah",519760,91924,424300,12256,1186257,143080,0.0288852227197737,0.120614672874428,0,1
"49045","Tooele County, Utah",32558,91386,23872,499,79934,7046,0.0209031501340483,0.0881477218705432,0,1
"49049","Utah County, Utah",281343,95338,204285,6028,702434,56150,0.0295077954818024,0.0799363356557342,0,1
"49053","Washington County, Utah",72459,74543,71891,1969,197680,44202,0.0273886856491077,0.223603804127883,1,1
"49057","Weber County, Utah",116737,83949,95099,2792,269561,33414,0.029358878642257,0.123957100619155,0,1
"50007","Chittenden County, Vermont",81295,87614,72106,3573,169301,29037,0.0495520483732283,0.171511095622589,1,2
"51003","Albemarle County, Virginia",43638,93691,45178,1947,114534,23685,0.0430961972641551,0.206794488972707,1,2
"51013","Arlington County, Virginia",96623,132380,112504,4895,234000,27765,0.0435095641043874,0.118653846153846,0,2
"51015","Augusta County, Virginia",34219,80182,31434,1135,78064,17785,0.0361073996309728,0.227825886452142,1,1
"51019","Bedford County, Virginia",31672,71751,32540,990,80848,18915,0.0304240934234788,0.233957549970315,1,1
"51041","Chesterfield County, Virginia",157229,100702,140498,4459,378408,62193,0.0317371065780296,0.16435434768821,1,1
"51059","Fairfax County, Virginia",445474,145164,415855,11322,1138331,172168,0.0272258359283885,0.151245990840977,1,1
"51061","Fauquier County, Virginia",34850,130261,26757,110,74664,12626,0.0041110737377135,0.169104253723347,1,1
"51069","Frederick County, Virginia",43426,98870,35947,1278,95051,17669,0.0355523409463933,0.185889680276904,1,1
"51085","Hanover County, Virginia",47444,103076,43274,736,112938,21524,0.0170079031288996,0.190582443464556,1,1
"51087","Henrico County, Virginia",139105,81985,137370,5703,333962,56995,0.0415156147630487,0.170663129338068,1,2
"51095","James City County, Virginia",31401,99432,32592,707,81199,21785,0.021692439862543,0.268291481422185,1,1
"51107","Loudoun County, Virginia",165982,167531,143195,2170,432085,46645,0.0151541604106289,0.107953296226437,0,1
"51121","Montgomery County, Virginia",42138,71290,36539,4223,98915,13719,0.11557513889269,0.138694839003185,0,4
"51153","Prince William County, Virginia",201457,120398,156728,3988,486943,54785,0.0254453575621459,0.112508034821324,0,1
"51161","Roanoke County, Virginia",38849,75258,40024,1681,96914,21938,0.041999800119928,0.226365643766638,1,2
"51165","Rockingham County, Virginia",38372,72618,33771,1279,85397,17264,0.0378727310414261,0.202161668442685,1,2
"51177","Spotsylvania County, Virginia",57369,95870,52415,2597,146688,22788,0.0495468854335591,0.155350130890052,1,2
"51179","Stafford County, Virginia",67058,138378,52315,505,163380,18736,0.00965306317499761,0.114677439099033,0,1
"51199","York County, Virginia",32435,116524,27408,389,71341,12067,0.0141929363689434,0.16914537222635,1,1
"51510","Alexandria city, Virginia",66978,111955,76672,2623,155525,20651,0.03421066360601,0.132782510850346,0,1
"51550","Chesapeake city, Virginia",113301,87749,95073,5218,252488,36352,0.0548841416595669,0.143975159215487,1,3
"51650","Hampton city, Virginia",61412,64924,56961,3174,138037,22674,0.0557223363353874,0.164260307019133,1,3
"51680","Lynchburg city, Virginia",28856,49076,29181,2102,79287,11336,0.0720331722696275,0.142974258075094,1,4
"51700","Newport News city, Virginia",84198,64102,75306,3996,184306,25921,0.0530635009162616,0.140641107723026,1,3
"51710","Norfolk city, Virginia",117174,61090,94532,7384,232995,30277,0.0781111158126349,0.129946994570699,0,4
"51740","Portsmouth city, Virginia",40635,54611,40178,3452,97029,14809,0.0859176663845886,0.152624473095672,1,4
"51760","Richmond city, Virginia",97202,58988,106252,10440,229395,33039,0.098256973986372,0.144026678872687,1,4
"51770","Roanoke city, Virginia",38471,49570,44543,4430,97847,17351,0.0994544597355364,0.177327869020001,1,4
"51800","Suffolk city, Virginia",41524,83144,38713,1671,98537,15207,0.0431637951075866,0.154327815947309,1,2
"51810","Virginia Beach city, Virginia",200505,83245,179752,8962,455618,73180,0.0498575815568116,0.160617008107669,1,3
"53005","Benton County, Washington",85737,85529,78231,3133,212791,33661,0.0400480627884087,0.158188081262835,1,2
"53007","Chelan County, Washington",34428,86282,32272,1119,79926,16915,0.0346740208230045,0.211633260766209,1,1
"53009","Clallam County, Washington",25554,66139,35527,2911,77805,24992,0.0819376812002139,0.321213289634342,1,4
"53011","Clark County, Washington",201880,91248,198400,8244,516779,88216,0.0415524193548387,0.170703530909731,1,2
"53015","Cowlitz County, Washington",44244,72055,44049,2442,111956,22399,0.0554382619355717,0.200069670227589,1,3
"53021","Franklin County, Washington",42483,79224,30290,720,98678,10478,0.0237702211951139,0.106183749163947,0,1
"53025","Grant County, Washington",40745,63819,36134,2500,101311,14534,0.0691869153705651,0.143459249242432,1,4
"53027","Grays Harbor County, Washington",26423,62523,30995,2064,77038,17962,0.0665913857073721,0.233157662452296,1,3
"53029","Island County, Washington",35007,81783,37109,1181,86625,23273,0.0318251637069175,0.268663780663781,1,1
"53033","King County, Washington",861886,116255,945040,39585,2266789,323122,0.0418871158892745,0.142546130230913,1,2
"53035","Kitsap County, Washington",114548,94775,109245,5300,277673,55217,0.0485148061696188,0.19885620856187,1,2
"53041","Lewis County, Washington",31316,69067,32149,1556,85370,18732,0.0483996391800678,0.219421342391941,1,2
"53045","Mason County, Washington",21440,80139,27099,895,68166,16857,0.0330270489685966,0.247293372062318,1,1
"53053","Pierce County, Washington",386347,93420,351652,11531,927380,138363,0.0327909410439867,0.149197739869309,1,1
"53057","Skagit County, Washington",51892,79001,50818,2761,131179,29121,0.05433114250856,0.221994374099513,1,3
"53061","Snohomish County, Washington",338070,101532,314888,15042,840079,125828,0.047769365615711,0.149781151534558,1,2
"53063","Spokane County, Washington",217291,69070,220879,10251,549690,95897,0.0464100253985214,0.174456511852135,1,2
"53067","Thurston County, Washington",114213,88853,118571,5822,298758,57422,0.0491013822941529,0.192202384538657,1,2
"53073","Whatcom County, Washington",98094,79220,94813,5311,230677,43910,0.0560155252971639,0.190352744313477,1,3
"53077","Yakima County, Washington",100589,63865,87616,4661,257001,37005,0.053198046018992,0.143987766584566,1,3
"54003","Berkeley County, West Virginia",55205,69558,51145,2113,129490,20510,0.0413139114282921,0.15839060931346,1,2
"54011","Cabell County, West Virginia",38599,52237,38887,2963,92730,18162,0.0761951294777175,0.195858945325138,1,4
"54033","Harrison County, West Virginia",26725,58092,25987,1057,64915,13328,0.0406741832454689,0.205314642224447,1,2
"54039","Kanawha County, West Virginia",67235,55215,78246,5905,175515,39298,0.0754671165299185,0.223901091074837,1,4
"54061","Monongalia County, West Virginia",46042,55708,44767,4795,106869,14420,0.107110148100163,0.134931551712845,0,4
"54081","Raleigh County, West Virginia",24206,51705,28043,2993,72882,16758,0.106728951966623,0.229933316868363,1,4
"54107","Wood County, West Virginia",32103,58787,37220,2352,83340,18139,0.0631918323481999,0.217650587952964,1,3
"55009","Brown County, Wisconsin",120663,71127,112390,5335,270036,44169,0.0474686359996441,0.163567079944896,1,2
"55017","Chippewa County, Wisconsin",29744,75128,27120,598,66807,13144,0.0220501474926254,0.19674584998578,1,1
"55025","Dane County, Wisconsin",251764,84831,252136,12173,568203,87199,0.0482794999524066,0.153464518842738,1,2
"55027","Dodge County, Wisconsin",40413,67762,36407,1738,88282,16920,0.0477380723487241,0.191658548741533,1,2
"55035","Eau Claire County, Wisconsin",54490,70411,45173,1706,106837,18356,0.0377659221216213,0.171813135898612,1,1
"55039","Fond du Lac County, Wisconsin",46615,69948,43958,1772,103836,21143,0.0403112061513263,0.203619168689087,1,2
"55055","Jefferson County, Wisconsin",39769,78628,35443,938,85784,16194,0.0264650283553875,0.18877646181106,1,1
"55059","Kenosha County, Wisconsin",73794,74534,69779,1981,167817,26860,0.0283896301179438,0.16005529833092,1,1
"55063","La Crosse County, Wisconsin",58183,69492,51449,2406,120294,22093,0.046764757332504,0.183658370326035,1,2
"55071","Manitowoc County, Wisconsin",38185,61673,35319,1111,81172,18293,0.0314561567428296,0.225360961908047,1,1
"55073","Marathon County, Wisconsin",62636,69740,56666,2528,137958,26647,0.0446122895563477,0.193152988590731,1,2
"55079","Milwaukee County, Wisconsin",386591,58214,388440,25915,918661,136724,0.0667155802697971,0.14882965533532,1,3
"55087","Outagamie County, Wisconsin",89994,78234,78706,2683,192127,32362,0.0340888877595101,0.168440666850573,1,1
"55089","Ozaukee County, Wisconsin",41433,88781,39117,2019,93009,20807,0.0516143876064115,0.223709533486007,1,3
"55097","Portage County, Wisconsin",32649,70061,29895,802,70718,13148,0.0268272286335508,0.185921547555078,1,1
"55101","Racine County, Wisconsin",84545,71788,78571,3188,195846,35548,0.0405747667714551,0.181509961908847,1,2
"55105","Rock County, Wisconsin",75767,66451,67422,2250,164060,28930,0.0333718964136335,0.176337925149336,1,1
"55109","St. Croix County, Wisconsin",42504,96130,37750,1028,96017,15445,0.0272317880794702,0.160856931585032,1,1
"55111","Sauk County, Wisconsin",29538,69475,28307,1098,65777,13278,0.0387889921220899,0.201863873390395,1,2
"55117","Sheboygan County, Wisconsin",54609,62978,50534,2999,117841,23702,0.0593461827680374,0.201135428246536,1,3
"55127","Walworth County, Wisconsin",48451,72713,42781,1759,105380,21050,0.0411163834412473,0.199753273866009,1,2
"55131","Washington County, Wisconsin",61364,88807,56876,1905,137688,27297,0.0334939165904775,0.198252571030155,1,1
"55133","Waukesha County, Wisconsin",183982,98849,170114,5671,410434,84405,0.0333364684858389,0.205648167549472,1,1
"55139","Winnebago County, Wisconsin",78258,69405,72135,3082,170718,29943,0.0427254453455327,0.175394510244965,1,2
"55141","Wood County, Wisconsin",32911,63643,32290,1483,73993,16222,0.0459275317435739,0.21923695484708,1,2
"56021","Laramie County, Wyoming",48176,71621,42559,1785,100723,17534,0.0419417749477196,0.174081391539172,1,2
"56025","Natrona County, Wyoming",35392,69627,33474,1031,79601,13873,0.0308000238991456,0.174281730129018,1,1
"72013","Arecibo Municipio, Puerto Rico",26560,25016,32158,7754,86090,20669,0.241121960320915,0.240085956557091,1,4
"72021","Bayamn Municipio, Puerto Rico",63332,27843,74177,15358,181577,44453,0.207045310541003,0.244816248753972,1,4
"72025","Caguas Municipio, Puerto Rico",43900,24929,53037,10264,125136,28380,0.193525274808153,0.226793248945148,1,4
"72031","Carolina Municipio, Puerto Rico",54125,35776,66468,8826,151571,37532,0.132785701390143,0.247619927294799,1,4
"72061","Guaynabo Municipio, Puerto Rico",36451,41202,36412,6186,89057,22984,0.169889047566736,0.258081902601705,1,4
"72097","Mayagez Municipio, Puerto Rico",19588,17836,29625,10201,70609,18841,0.344337552742616,0.266835672506338,1,4
"72113","Ponce Municipio, Puerto Rico",35592,17700,54689,16885,132138,33553,0.308745817257584,0.253923928014651,1,4
"72127","San Juan Municipio, Puerto Rico",124729,25163,158386,39591,334776,85665,0.249965274708623,0.255887518818553,1,4
"72135","Toa Alta Municipio, Puerto Rico",26441,44584,23703,2334,66041,11399,0.0984685482850272,0.17260489695795,1,4
"72137","Toa Baja Municipio, Puerto Rico",27605,29850,28722,5112,72783,16272,0.177982034677251,0.223568690490911,1,4
"72139","Trujillo Alto Municipio, Puerto Rico",28707,29108,29677,6144,66810,14796,0.207029012366479,0.221463852716659,1,4
